,Unnamed: 0,Estimated,Number,From,Airline,Status,date
0,0,06:52,LA3461,Sao Paulo (CGH),LATAM Airlines A319 (PT-TMA),Landed 06:54,2021-06-08
1,1,08:25 AD4193,,Rio de Janeiro (SDU),Azul Linhas Aereas 320,Unknown,2021-06-08
2,2,08:25,LA4787,Sao Paulo (GRU),LATAM Airlines A321 (PT-MXN),Landed 08:33,2021-06-08
3,3,09:00 AD4024,,Porto Alegre (POA),Azul Linhas Aereas AT76 (PR-AQE),Landed 08:54,2021-06-08
4,4,09:10,AD4826,Sao Paulo (GRU),Azul Linhas Aereas 320,Unknown,2021-06-08
5,5,09:45,AD4064,Campinas (VCP),Azul Linhas Aereas E295 (PS-AEH),Landed 09:33,2021-06-08
6,6,10:05,G31120,Sao Paulo (GRU),GOL Linhas Aereas B738 (PR-GGZ),Landed 09:50,2021-06-08
7,7,10:30,LA3094,Sao Paulo (CGH),LATAM Airlines A319 (PT-TMB),Landed 10:05,2021-06-08
8,8,12:50 AD4067,,Foz do Iguacu (IGU),Azul Linhas Aereas E195 (PR-AXD),Unknown,2021-06-08
9,9,13:00,AD4189,Maringa (MGF),Azul Linhas Aereas AT76 (PR-AQE),Landed 12:40,2021-06-08
10,10,13:20,LA4791,Sao Paulo (GRU),LATAM Airlines A321 (PT-MXO),Landed 13:17,2021-06-08
11,11,13:25,AD4786,Campinas (VCP),Azul Linhas Aereas 295,Unknown,2021-06-08
12,12,13:35 AD4679,,Rio de Janeiro (SDU),Azul Linhas Aereas 320,Unknown,2021-06-08
13,13,13:35,AD4830,Sao Paulo (GRU),Azul Linhas Aereas A20N (PR-YYA),Landed 13:21,2021-06-08
14,14,13:45 AD4738,,Porto Alegre (POA),Azul Linhas Aereas E195 (PR-AXB),Unknown,2021-06-08
15,15,14:05,LA3465,Sao Paulo (CGH),LATAM Airlines A319 (PT-TMB),Landed 13:43,2021-06-08
16,16,14:30,G31114,Sao Paulo (GRU),GOL Linhas Aereas B738 (PR-GXX),Landed 14:15,2021-06-08
17,17,14:35,AD4684,Campinas (VCP),Azul Linhas Aereas (Tropical Spix's Macaw Livery) E295 (PS-AEF),Landed 14:18,2021-06-08
18,18,17:25 AD4757,,Londrina (LDB),Azul Linhas Aereas E195 (PR-AXB),Unknown,2021-06-08
19,19,17:45,AD4076,Cascavel (CAC),Azul Linhas Aereas AT76 (PR-AQE),Landed 17:22,2021-06-08
20,20,18:00 AD4576,,Porto Alegre (POA),Azul Linhas Aereas E95,Unknown,2021-06-08
21,21,18:10 G31507,,Sao Paulo (CGH),GOL Linhas Aereas B738 (PR-GGD),Landed 17:40,2021-06-08
22,22,18:45,AD4312,Campinas (VCP),Azul Linhas Aereas (Tropical Spix's Macaw Livery) E295 (PS-AEF),Landed 18:34,2021-06-08
23,23,19:05,LA4793,Sao Paulo (GRU),LATAM Airlines A320 (PR-MBG),Unknown,2021-06-08
24,24,19:10 CV7602,,Campinas (VCP),Cargolux 74Y,Unknown,2021-06-08
25,25,19:20,G31124,Sao Paulo (GRU),GOL Linhas Aereas B738 (PR-GGZ),Landed 19:08,2021-06-08
26,26,20:10 AD4078,,Rio de Janeiro (SDU),Azul Linhas Aereas A20N (PR-YRQ),Landed 20:07,2021-06-08
27,27,20:15,AD4314,Campinas (VCP),Azul Linhas Aereas AT76 (PR-AQR),Landed 20:16,2021-06-08
28,28,20:40,LA3469,Sao Paulo (CGH),LATAM Airlines A319 (PR-MYM),Landed 20:20,2021-06-08
29,29,21:30 AD4018,,Foz do Iguacu (IGU),Azul Linhas Aereas E195 (PR-AXB),Unknown,2021-06-08
30,30,21:45 AD4759,,Londrina (LDB),Azul Linhas Aereas AT7,Unknown,2021-06-08
31,31,22:10 AD4821,,Porto Alegre (POA),Azul Linhas Aereas E95,Canceled,2021-06-08
32,32,22:15,AD4832,Sao Paulo (GRU),Azul Linhas Aereas A20N (PR-YYA),Landed 22:07,2021-06-08
33,33,23:10,AD4061,Belo Horizonte (CNF),Azul Linhas Aereas E195 (PR-AXA),Unknown,2021-06-08
34,34,23:13,LA3346,Brasilia (BSB),LATAM Airlines A320 (PR-MYV),Landed 23:13,2021-06-08
35,35,23:15,G31784,Brasilia (BSB),GOL Linhas Aereas B738 (PR-GXA),Landed 23:07,2021-06-08
36,36,23:20,G31128,Sao Paulo (GRU),GOL Linhas Aereas B38M (PR-XMG),Landed 23:09,2021-06-08
37,37,23:35 AD4208,,Rio de Janeiro (SDU),Azul Linhas Aereas A20N (PR-YRO),Landed 23:30,2021-06-08
38,38,23:55,AD4814,Campinas (VCP),Azul Linhas Aereas (Pink Ribbon Livery) E295 (PS-AEA),Landed 23:46,2021-06-08
0,0,06:58,LA3461,Sao Paulo (CGH),LATAM Airlines A320 (PT-MZZ),Unknown,2021-06-09
1,1,08:12,LA4787,Sao Paulo (GRU),LATAM Airlines A320 (PR-MHJ),Landed 08:19,2021-06-09
2,2,08:25 AD4193,,Rio de Janeiro (SDU),Azul Linhas Aereas 320,Canceled,2021-06-09
3,3,09:10,AD4826,Sao Paulo (GRU),Azul Linhas Aereas 320,Unknown,2021-06-09
4,4,09:40 AD4024,,Porto Alegre (POA),Azul Linhas Aereas A20N (PR-YSE),Landed 09:36,2021-06-09
5,5,09:45,AD4064,Campinas (VCP),Azul Linhas Aereas (Tropical Spix's Macaw Livery) E295 (PS-AEF),Landed 09:42,2021-06-09
6,6,10:05,G31120,Sao Paulo (GRU),GOL Linhas Aereas B738 (PR-GUU),Landed 09:46,2021-06-09
7,7,10:30,G31130,Sao Paulo (CGH),GOL Linhas Aereas B737 (PR-VBH),Landed 10:03,2021-06-09
8,8,10:50,LA3024,Brasilia (BSB),LATAM Airlines A320 (PR-TYL),Landed 10:36,2021-06-09
9,9,12:50,AD4067,Foz do Iguacu (IGU),Azul Linhas Aereas E195 (PR-AXA),Unknown,2021-06-09
10,10,13:00,AD4189,Maringa (MGF),Azul Linhas Aereas AT76 (PR-AQE),Landed 12:51,2021-06-09
11,11,13:20,LA4791,Sao Paulo (GRU),LATAM Airlines A320 (PR-MAG),Unknown,2021-06-09
12,12,13:25,AD4786,Campinas (VCP),Azul Linhas Aereas (Tropical Spix's Macaw Livery) E295 (PS-AEF),Landed 13:38,2021-06-09
13,13,13:35 AD4679,,Rio de Janeiro (SDU),Azul Linhas Aereas 320,Unknown,2021-06-09
14,14,13:35,AD4830,Sao Paulo (GRU),Azul Linhas Aereas A20N (PR-YYA),Landed 13:39,2021-06-09
15,15,13:45 AD4738,,Porto Alegre (POA),Azul Linhas Aereas E195 (PR-AYN),Unknown,2021-06-09
16,16,13:50,LA3465,Sao Paulo (CGH),LATAM Airlines A319 (PT-TMD),Landed 13:46,2021-06-09
17,17,14:30,G31114,Sao Paulo (GRU),GOL Linhas Aereas (TV ao vivo a bordo Livery) B738 (PR-GTM),Landed 14:21,2021-06-09
18,18,15:00,AD4684,Campinas (VCP),Azul Linhas Aereas 320,Unknown,2021-06-09
19,19,17:15 LA9350,,Rio de Janeiro (GIG),LATAM Airlines A319 (PT-TMB),Landed 17:27,2021-06-09
20,20,17:25 AD4757,,Londrina (LDB),Azul Linhas Aereas (Pink Ribbon Livery) AT76 (PR-AKF),Landed 17:01,2021-06-09
21,21,17:45,AD4076,Cascavel (CAC),Azul Linhas Aereas AT76 (PR-AQE),Landed 17:30,2021-06-09
22,22,18:00 AD4576,,Porto Alegre (POA),Azul Linhas Aereas E95,Unknown,2021-06-09
23,23,18:45,AD4312,Campinas (VCP),Azul Linhas Aereas E295 (PS-AEH),Landed 18:41,2021-06-09
24,24,19:05,LA4793,Sao Paulo (GRU),LATAM Airlines A320 (PT-MZW),Landed 18:59,2021-06-09
25,25,19:20,G31124,Sao Paulo (GRU),GOL Linhas Aereas B737 (PR-GOW),Landed 19:18,2021-06-09
26,26,20:10 AD4078,,Rio de Janeiro (SDU),Azul Linhas Aereas A20N (PR-YRV),Landed 19:57,2021-06-09
27,27,20:15,AD4314,Campinas (VCP),Azul Linhas Aereas E295 (PS-AED),Landed 20:16,2021-06-09
28,28,20:25,LA3469,Sao Paulo (CGH),LATAM Airlines A320 (PR-MHU),Landed 20:19,2021-06-09
29,29,21:30 AD4018,,Foz do Iguacu (IGU),Azul Linhas Aereas E195 (PR-AXA),Unknown,2021-06-09
30,30,21:45 AD4759,,Londrina (LDB),Azul Linhas Aereas AT7,Unknown,2021-06-09
31,31,22:10 AD4821,,Porto Alegre (POA),Azul Linhas Aereas E195 (PR-AUP),Landed 21:47,2021-06-09
32,32,22:15,AD4832,Sao Paulo (GRU),Azul Linhas Aereas A20N (PR-YYA),Landed 22:03,2021-06-09
33,33,23:10,AD4061,Belo Horizonte (CNF),Azul Linhas Aereas E195 (PR-AXY),Unknown,2021-06-09
34,34,23:15,G31784,Brasilia (BSB),GOL Linhas Aereas B738 (PR-GTF),Landed 23:11,2021-06-09
35,35,23:15,LA3346,Brasilia (BSB),LATAM Airlines A320 (PR-MHP),Landed 23:17,2021-06-09
36,36,23:20,G31128,Sao Paulo (GRU),GOL Linhas Aereas B738 (PR-GUH),Landed 23:00,2021-06-09
37,37,23:20,G32028,Rio de Janeiro (GIG),GOL Linhas Aereas 738,Unknown,2021-06-09
38,38,23:35 AD4208,,Rio de Janeiro (SDU),Azul Linhas Aereas A20N (PR-YYF),Landed 23:39,2021-06-09
39,39,23:55,AD4814,Campinas (VCP),Azul Linhas Aereas E195 (PR-AXB),Landed 23:51,2021-06-09
0,0,06:54,LA3461,Sao Paulo (CGH),LATAM Airlines A319 (PR-MBV),Landed 06:48,2021-06-10
1,1,08:25 AD4193,,Rio de Janeiro (SDU),Azul Linhas Aereas A20N (PR-YRO),Landed 08:15,2021-06-10
2,2,08:25,LA4787,Sao Paulo (GRU),LATAM Airlines A320 (PR-MYH),Landed 08:19,2021-06-10
3,3,09:10,AD4826,Sao Paulo (GRU),Azul Linhas Aereas 320,Unknown,2021-06-10
4,4,09:40 AD4024,,Porto Alegre (POA),Azul Linhas Aereas E195 (PR-AXA),Unknown,2021-06-10
5,5,09:45,AD4064,Campinas (VCP),Azul Linhas Aereas E295 (PS-AEH),Landed 09:44,2021-06-10
6,6,10:05,G31120,Sao Paulo (GRU),GOL Linhas Aereas B738 (PR-GUH),Landed 10:05,2021-06-10
7,7,10:19,LA3094,Sao Paulo (CGH),LATAM Airlines A319 (PR-MBV),Landed 10:14,2021-06-10
8,8,12:50,AD4067,Foz do Iguacu (IGU),Azul Linhas Aereas E195 (PR-AXB),Unknown,2021-06-10
9,9,13:00,AD4189,Maringa (MGF),Azul Linhas Aereas (Pink Ribbon Livery) AT76 (PR-AKF),Landed 12:45,2021-06-10
10,10,13:20,LA4791,Sao Paulo (GRU),LATAM Airlines A320 (PR-TYM),Landed 13:04,2021-06-10
11,11,13:25,AD4786,Campinas (VCP),Azul Linhas Aereas E295 (PS-AEH),Landed 13:34,2021-06-10
12,12,13:35 AD4679,,Rio de Janeiro (SDU),Azul Linhas Aereas 320,Unknown,2021-06-10
13,13,13:35,AD4830,Sao Paulo (GRU),Azul Linhas Aereas A20N (PR-YYA),Landed 13:25,2021-06-10
14,14,13:45 AD4738,,Porto Alegre (POA),Azul Linhas Aereas E195 (PR-AUE),Landed 13:30,2021-06-10
15,15,14:05,LA3465,Sao Paulo (CGH),LATAM Airlines A320 (PR-MYJ),Landed 13:44,2021-06-10
16,16,14:30,G31114,Sao Paulo (GRU),GOL Linhas Aereas B738 (PR-GUZ),Landed 14:09,2021-06-10
17,17,14:35 L72831,,Miami (MIA),LATAM Cargo B763 (N534LA),Landed 14:19,2021-06-10
18,18,14:50 M38431,,Miami (MIA),LATAM Cargo B763 (PR-ABD),Unknown,2021-06-10
19,19,15:00,AD4684,Campinas (VCP),Azul Linhas Aereas A20N (PR-YRL),Landed 14:50,2021-06-10
20,20,16:05 QT4055,,Miami (MIA),Avianca Cargo A332 (N332QT),Landed 15:06,2021-06-10
21,21,17:00 QT843,,Miami (MIA),Avianca Cargo 33F,Unknown,2021-06-10
22,22,17:25 AD4757,,Londrina (LDB),Azul Linhas Aereas AT76 (PR-AQE),Landed 17:16,2021-06-10
23,23,17:41,,Rio de Janeiro (GIG),- GLF4 (PT-MTP),Landed 18:09,2021-06-10
24,24,17:45,AD4076,Cascavel (CAC),Azul Linhas Aereas (Pink Ribbon Livery) AT76 (PR-AKF),Landed 17:26,2021-06-10
25,25,18:00 AD4576,,Porto Alegre (POA),Azul Linhas Aereas E95,Unknown,2021-06-10
26,26,18:10 G31507,,Sao Paulo (CGH),GOL Linhas Aereas B737 (PR-VBH),Landed 17:47,2021-06-10
27,27,18:45,AD4312,Campinas (VCP),Azul Linhas Aereas (Sustentabilidade Livery) E195 (PR-AYX),Landed 18:43,2021-06-10
28,28,19:17,LA4793,Sao Paulo (GRU),LATAM Airlines A321 (PT-MXF),Landed 19:14,2021-06-10
29,29,19:20,G31124,Sao Paulo (GRU),GOL Linhas Aereas B738 (PR-GUH),Landed 19:18,2021-06-10
30,30,20:10 AD4078,,Rio de Janeiro (SDU),Azul Linhas Aereas A20N (PR-YRY),Landed 20:11,2021-06-10
31,31,20:15,AD4314,Campinas (VCP),Azul Linhas Aereas E295 (PS-AEG),Landed 19:59,2021-06-10
32,32,20:40,LA3469,Sao Paulo (CGH),LATAM Airlines A319 (PR-MBV),Landed 20:27,2021-06-10
33,33,21:30 AD4018,,Foz do Iguacu (IGU),Azul Linhas Aereas E195 (PR-AUE),Landed 21:09,2021-06-10
34,34,21:45 AD4759,,Londrina (LDB),Azul Linhas Aereas AT7,Unknown,2021-06-10
35,35,22:10 AD4821,,Porto Alegre (POA),Azul Linhas Aereas E195 (PR-AXA),Unknown,2021-06-10
36,36,22:15,AD4832,Sao Paulo (GRU),Azul Linhas Aereas A20N (PR-YYA),Landed 22:14,2021-06-10
37,37,23:10,AD4061,Belo Horizonte (CNF),Azul Linhas Aereas E195 (PR-AUI),Landed 23:02,2021-06-10
38,38,23:15,G31784,Brasilia (BSB),GOL Linhas Aereas B738 (PR-GGW),Landed 23:04,2021-06-10
39,39,23:15,LA3346,Brasilia (BSB),LATAM Airlines A320 (PR-MHW),Landed 23:07,2021-06-10
40,40,23:20,G31128,Sao Paulo (GRU),GOL Linhas Aereas B738 (PR-GZK),Landed 23:10,2021-06-10
41,41,23:35 AD4208,,Rio de Janeiro (SDU),Azul Linhas Aereas A20N (PR-YYE),Landed 23:25,2021-06-10
42,42,23:55,AD4814,Campinas (VCP),Azul Linhas Aereas (Tropical Spix's Macaw Livery) E295 (PS-AEF),Landed 23:42,2021-06-10
0,0,06:54,LA3461,Sao Paulo (CGH),LATAM Airlines A319 (PR-MYL),Landed 06:51,2021-06-11
1,1,08:15,LA4787,Sao Paulo (GRU),LATAM Airlines A321 (PT-MXQ),Landed 08:17,2021-06-11
2,2,08:25 AD4193,,Rio de Janeiro (SDU),Azul Linhas Aereas A20N (PR-YRY),Landed 08:24,2021-06-11
3,3,09:10,AD4826,Sao Paulo (GRU),Azul Linhas Aereas 320,Unknown,2021-06-11
4,4,09:40 AD4024,,Porto Alegre (POA),Azul Linhas Aereas E195 (PR-AUE),Landed 09:46,2021-06-11
5,5,09:45,AD4064,Campinas (VCP),Azul Linhas Aereas E295 (PS-AEB),Landed 09:33,2021-06-11
6,6,10:05,G31120,Sao Paulo (GRU),GOL Linhas Aereas B738 (PR-GZZ),Landed 10:03,2021-06-11
7,7,10:30,G31130,Sao Paulo (CGH),GOL Linhas Aereas B738 (PR-VBL),Landed 10:21,2021-06-11
8,8,12:50,AD4067,Foz do Iguacu (IGU),Azul Linhas Aereas E195 (PR-AUI),Landed 12:57,2021-06-11
9,9,13:00,AD4189,Maringa (MGF),Azul Linhas Aereas (Pink Ribbon Livery) AT76 (PR-AKF),Landed 12:34,2021-06-11
10,10,13:16,LA4791,Sao Paulo (GRU),LATAM Airlines A321 (PT-MXF),Landed 13:22,2021-06-11
11,11,13:25,AD4786,Campinas (VCP),Azul Linhas Aereas (Pink Ribbon Livery) E295 (PS-AEA),Landed 13:57,2021-06-11
12,12,13:35 AD4679,,Rio de Janeiro (SDU),Azul Linhas Aereas A20N (PR-YYD),Landed 13:54,2021-06-11
13,13,13:35,AD4830,Sao Paulo (GRU),Azul Linhas Aereas A20N (PR-YYA),Landed 13:36,2021-06-11
14,14,13:45 AD4738,,Porto Alegre (POA),Azul Linhas Aereas E195 (PR-AXB),Unknown,2021-06-11
15,15,13:56,LA3465,Sao Paulo (CGH),LATAM Airlines A320 (PR-MYV),Landed 13:51,2021-06-11
16,16,14:30,G31114,Sao Paulo (GRU),GOL Linhas Aereas B738 (PR-GXE),Landed 14:31,2021-06-11
17,17,15:00,AD4684,Campinas (VCP),Azul Linhas Aereas E295 (PS-AED),Landed 14:37,2021-06-11
18,18,17:25 AD4757,,Londrina (LDB),Azul Linhas Aereas AT76 (PR-AQE),Landed 17:06,2021-06-11
19,19,17:45,AD4076,Cascavel (CAC),Azul Linhas Aereas (Pink Ribbon Livery) AT76 (PR-AKF),Landed 17:26,2021-06-11
20,20,18:00 AD4576,,Porto Alegre (POA),Azul Linhas Aereas E195 (PR-AUI),Landed 17:45,2021-06-11
21,21,18:10 G31507,,Sao Paulo (CGH),GOL Linhas Aereas B738 (PR-VBL),Landed 18:21,2021-06-11
22,22,18:45,AD4312,Campinas (VCP),Azul Linhas Aereas (Tropical Spix's Macaw Livery) E295 (PS-AEF),Landed 18:45,2021-06-11
23,23,19:05,LA4793,Sao Paulo (GRU),LATAM Airlines A321 (PT-MXI),Landed 18:55,2021-06-11
24,24,19:20,G31124,Sao Paulo (GRU),GOL Linhas Aereas B738 (PR-GZZ),Landed 19:26,2021-06-11
25,25,20:10 AD4078,,Rio de Janeiro (SDU),Azul Linhas Aereas A20N (PR-YRO),Landed 20:10,2021-06-11
26,26,20:15,AD4314,Campinas (VCP),Azul Linhas Aereas E295 (PS-AEC),Landed 20:02,2021-06-11
27,27,20:26,LA3469,Sao Paulo (CGH),LATAM Airlines A319 (PR-MBV),Landed 20:26,2021-06-11
28,28,21:30 AD4018,,Foz do Iguacu (IGU),Azul Linhas Aereas E195 (PR-AXB),Unknown,2021-06-11
29,29,21:45 AD4759,,Londrina (LDB),Azul Linhas Aereas AT7,Unknown,2021-06-11
30,30,21:55,AD4762,Maringa (MGF),Azul Linhas Aereas (Pink Ribbon Livery) AT76 (PR-AKF),Landed 21:34,2021-06-11
31,31,22:10 AD4821,,Porto Alegre (POA),Azul Linhas Aereas E195 (PR-AYN),Unknown,2021-06-11
32,32,22:15,AD4832,Sao Paulo (GRU),Azul Linhas Aereas A20N (PR-YSA),Landed 22:11,2021-06-11
33,33,23:10,AD4061,Belo Horizonte (CNF),Azul Linhas Aereas E195 (PR-AXA),Unknown,2021-06-11
34,34,23:15,G31784,Brasilia (BSB),GOL Linhas Aereas B738 (PR-GUX),Landed 23:02,2021-06-11
35,35,23:15,LA3346,Brasilia (BSB),LATAM Airlines A320 (PR-MYT),Landed 23:05,2021-06-11
36,36,23:20,G31128,Sao Paulo (GRU),GOL Linhas Aereas B738 (PR-GZW),Landed 23:19,2021-06-11
37,37,23:20,G32028,Rio de Janeiro (GIG),GOL Linhas Aereas B738 (PR-GUA),Landed 23:14,2021-06-11
38,38,23:35 AD4208,,Rio de Janeiro (SDU),Azul Linhas Aereas A20N (PR-YYF),Landed 23:22,2021-06-11
39,39,23:55,AD4814,Campinas (VCP),Azul Linhas Aereas E295 (PS-AEG),Landed 23:40,2021-06-11
0,0,08:15 AD4193,,Rio de Janeiro (SDU),Azul Linhas Aereas A20N (PR-YYE),Landed 08:16,2021-06-12
1,1,08:25,LA4787,Sao Paulo (GRU),LATAM Airlines A321 (PT-MXD),Landed 08:41,2021-06-12
2,2,09:40 AD4024,,Porto Alegre (POA),Azul Linhas Aereas E195 (PR-AXB),Unknown,2021-06-12
3,3,09:45,AD4064,Campinas (VCP),Azul Linhas Aereas (Tropical Spix's Macaw Livery) E295 (PS-AEF),Landed 09:34,2021-06-12
4,4,10:05,G31120,Sao Paulo (GRU),GOL Linhas Aereas B738 (PR-GZS),Landed 09:57,2021-06-12
5,5,10:30,G31130,Sao Paulo (CGH),GOL Linhas Aereas B738 (PR-GXT),Landed 10:06,2021-06-12
6,6,10:50,LA3024,Brasilia (BSB),LATAM Airlines A320 (PR-MHG),Landed 10:32,2021-06-12
7,7,12:50 AD4067,,Foz do Iguacu (IGU),Azul Linhas Aereas E195 (PR-AXA),Unknown,2021-06-12
8,8,13:07,LA4791,Sao Paulo (GRU),LATAM Airlines A321 (PT-MXH),Landed 13:14,2021-06-12
9,9,13:35,AD4830,Sao Paulo (GRU),Azul Linhas Aereas A20N (PR-YYA),Landed 13:22,2021-06-12
10,10,13:50,LA3092,Sao Paulo (CGH),LATAM Airlines A320 (PR-MHZ),Landed 13:44,2021-06-12
11,11,14:30,G31114,Sao Paulo (GRU),GOL Linhas Aereas B738 (PR-GXQ),Landed 14:27,2021-06-12
12,12,15:00,AD4684,Campinas (VCP),Azul Linhas Aereas E295 (PS-AEE),Landed 14:45,2021-06-12
13,13,18:00 AD4576,,Porto Alegre (POA),Azul Linhas Aereas E195 (PR-AUI),Landed 17:51,2021-06-12
14,14,19:05,LA4793,Sao Paulo (GRU),LATAM Airlines A321 (PT-MXA),Landed 19:11,2021-06-12
15,15,20:40,LA3469,Sao Paulo (CGH),LATAM Airlines A319 (PT-TMG),Landed 20:30,2021-06-12
16,16,23:10,AD4061,Belo Horizonte (CNF),Azul Linhas Aereas A20N (PR-YYH),Landed 23:02,2021-06-12
17,17,23:15 AD4768,,Rio de Janeiro (SDU),Azul Linhas Aereas A20N (PR-YYE),Landed 23:09,2021-06-12
18,18,23:15,LA3346,Brasilia (BSB),LATAM Airlines A320 (PR-MYH),Landed 22:58,2021-06-12
19,19,23:55,AD4814,Campinas (VCP),Azul Linhas Aereas (Pink Ribbon Livery) E295 (PS-AEA),Landed 23:34,2021-06-12
0,0,08:25,LA4787,Sao Paulo (GRU),LATAM Airlines A321 (PT-MXC),Landed 08:13,2021-06-13
1,1,09:45,AD4064,Campinas (VCP),Azul Linhas Aereas E295 (PS-AEB),Landed 09:32,2021-06-13
2,2,10:05,G31120,Sao Paulo (GRU),GOL Linhas Aereas B738 (PR-GUJ),Landed 09:56,2021-06-13
3,3,13:20,LA4791,Sao Paulo (GRU),LATAM Airlines A321 (PT-MXQ),Landed 13:19,2021-06-13
4,4,13:25,AD4786,Campinas (VCP),Azul Linhas Aereas A20N (PR-YYL),Landed 13:29,2021-06-13
5,5,13:30 AD4679,,Rio de Janeiro (SDU),Azul Linhas Aereas A20N (PR-YYD),Landed 13:25,2021-06-13
6,6,13:35,AD4830,Sao Paulo (GRU),Azul Linhas Aereas A20N (PR-YYA),Landed 13:23,2021-06-13
7,7,14:05,LA3465,Sao Paulo (CGH),LATAM Airlines A320 (PR-MYI),Landed 13:50,2021-06-13
8,8,14:30,G31114,Sao Paulo (GRU),GOL Linhas Aereas B738 (PR-GXQ),Landed 14:26,2021-06-13
9,9,15:00,AD4684,Campinas (VCP),Azul Linhas Aereas E295 (PS-AEE),Landed 14:40,2021-06-13
10,10,17:00 QT843,,Miami (MIA),Avianca Cargo 33F,Unknown,2021-06-13
11,11,17:25 AD4757,,Londrina (LDB),Azul Linhas Aereas AT76 (PR-TKL),Landed 17:01,2021-06-13
12,12,17:45,AD4076,Cascavel (CAC),Azul Linhas Aereas (Pink Ribbon Livery) AT76 (PR-AKF),Landed 17:30,2021-06-13
13,13,18:10 G31507,,Sao Paulo (CGH),GOL Linhas Aereas (Brazil Football Livery) B738 (PR-GUM),Landed 18:22,2021-06-13
14,14,18:45,AD4312,Campinas (VCP),Azul Linhas Aereas E195 (PR-AYZ),Landed 18:39,2021-06-13
15,15,18:45 AD4576,,Porto Alegre (POA),Azul Linhas Aereas E195 (PR-AXD),Unknown,2021-06-13
16,16,19:05,LA4793,Sao Paulo (GRU),LATAM Airlines A321 (PT-MXB),Landed 18:54,2021-06-13
17,17,19:20,G31124,Sao Paulo (GRU),GOL Linhas Aereas B38M (PR-XMM),Landed 19:30,2021-06-13
18,18,20:15,AD4314,Campinas (VCP),Azul Linhas Aereas E195 (PR-AUM),Landed 19:50,2021-06-13
19,19,20:25,LA3469,Sao Paulo (CGH),LATAM Airlines A320 (PR-MYV),Landed 20:00,2021-06-13
20,20,21:30 AD4018,,Foz do Iguacu (IGU),Azul Linhas Aereas E195 (PR-AXA),Landed 21:28,2021-06-13
21,21,21:45 AD4759,,Londrina (LDB),Azul Linhas Aereas (Pink Ribbon Livery) AT76 (PR-AKF),Landed 21:29,2021-06-13
22,22,21:55,AD4762,Maringa (MGF),Azul Linhas Aereas AT76 (PR-TKL),Landed 21:33,2021-06-13
23,23,22:15,AD4832,Sao Paulo (GRU),Azul Linhas Aereas A20N (PR-YYA),Landed 21:59,2021-06-13
24,24,22:40 AD4821,,Porto Alegre (POA),Azul Linhas Aereas E195 (PR-AXD),Unknown,2021-06-13
25,25,23:10,AD4061,Belo Horizonte (CNF),Azul Linhas Aereas E195 (PR-AUE),Landed 22:53,2021-06-13
26,26,23:15,G31784,Brasilia (BSB),GOL Linhas Aereas B738 (PR-GUB),Landed 22:49,2021-06-13
27,27,23:15,LA3346,Brasilia (BSB),LATAM Airlines A320 (PR-MHK),Landed 23:02,2021-06-13
28,28,23:20,G31128,Sao Paulo (GRU),GOL Linhas Aereas B738 (PR-GZZ),Landed 23:06,2021-06-13
29,29,23:20,G32028,Rio de Janeiro (GIG),GOL Linhas Aereas B738 (PR-GUZ),Landed 23:12,2021-06-13
30,30,23:35 AD4208,,Rio de Janeiro (SDU),Azul Linhas Aereas A20N (PR-YYF),Landed 23:26,2021-06-13
31,31,23:55,AD4814,Campinas (VCP),Azul Linhas Aereas E295 (PS-AEH),Landed 23:32,2021-06-13
0,0,05:35 LH8254,,Frankfurt (FRA),Lufthansa Cargo (Flying 100% CO₂ neutral Livery) B77L (D-ALFG),Landed 05:00,2021-06-14
1,1,06:54,LA3461,Sao Paulo (CGH),LATAM Airlines A319 (PT-TMD),Landed 06:50,2021-06-14
2,2,08:25 AD4193,,Rio de Janeiro (SDU),Azul Linhas Aereas A20N (PR-YRL),Landed 09:05,2021-06-14
3,3,09:40 AD4024,,Porto Alegre (POA),Azul Linhas Aereas E195 (PR-AXA),Unknown,2021-06-14
4,4,09:45,AD4064,Campinas (VCP),Azul Linhas Aereas (Company Values Livery) E295 (PR-PJN),Landed 09:45,2021-06-14
5,5,09:53,LA4787,Sao Paulo (GRU),LATAM Airlines A321 (PT-MXP),Landed 09:54,2021-06-14
6,6,10:05,G31120,Sao Paulo (GRU),GOL Linhas Aereas B738 (PR-GUG),Landed 10:25,2021-06-14
7,7,10:30,G31130,Sao Paulo (CGH),GOL Linhas Aereas B738 (PR-VBL),Landed 10:28,2021-06-14
8,8,10:50,LA3024,Brasilia (BSB),LATAM Airlines A320 (PR-MYT),Landed 10:42,2021-06-14
9,9,12:50,AD4067,Foz do Iguacu (IGU),Azul Linhas Aereas E195 (PR-AUE),Landed 12:38,2021-06-14
10,10,13:25,AD4786,Campinas (VCP),Azul Linhas Aereas A20N (PR-YYL),Landed 13:13,2021-06-14
11,11,13:35 AD4679,,Rio de Janeiro (SDU),Azul Linhas Aereas A20N (PR-YYE),Landed 13:27,2021-06-14
12,12,13:35,AD4830,Sao Paulo (GRU),Azul Linhas Aereas A20N (PR-YYA),Landed 13:24,2021-06-14
13,13,13:45 AD4738,,Porto Alegre (POA),Azul Linhas Aereas E195 (PR-AXJ),Landed 13:36,2021-06-14
14,14,13:48,LA4791,Sao Paulo (GRU),LATAM Airlines A321 (PT-XPF),Landed 13:49,2021-06-14
15,15,14:05,LA3465,Sao Paulo (CGH),LATAM Airlines A320 (PR-MYY),Landed 13:43,2021-06-14
16,16,14:30,G31114,Sao Paulo (GRU),GOL Linhas Aereas B738 (PR-GUT),Landed 14:30,2021-06-14
17,17,15:00,AD4684,Campinas (VCP),Azul Linhas Aereas (Tropical Spix's Macaw Livery) E295 (PS-AEF),Landed 14:36,2021-06-14
18,18,17:25 AD4757,,Londrina (LDB),Azul Linhas Aereas (Pink Ribbon Livery) AT76 (PR-AKF),Landed 17:06,2021-06-14
19,19,17:45,AD4076,Cascavel (CAC),Azul Linhas Aereas AT76 (PR-TKL),Landed 17:31,2021-06-14
20,20,18:45,AD4312,Campinas (VCP),Azul Linhas Aereas (Tropical Spix's Macaw Livery) E295 (PS-AEF),Landed 18:42,2021-06-14
21,21,19:05,LA4793,Sao Paulo (GRU),LATAM Airlines A321 (PT-MXJ),Landed 18:49,2021-06-14
22,22,19:20,G31124,Sao Paulo (GRU),GOL Linhas Aereas B738 (PR-GXV),Landed 19:08,2021-06-14
23,23,20:10 AD4078,,Rio de Janeiro (SDU),Azul Linhas Aereas A20N (PR-YRQ),Landed 19:52,2021-06-14
24,24,20:15,AD4314,Campinas (VCP),Azul Linhas Aereas E295 (PS-AED),Landed 19:49,2021-06-14
25,25,20:25,LA3469,Sao Paulo (CGH),LATAM Airlines A319 (PR-MYL),Landed 20:06,2021-06-14
26,26,21:30 AD4018,,Foz do Iguacu (IGU),Azul Linhas Aereas E195 (PR-AXJ),Landed 21:18,2021-06-14
27,27,21:55,AD4762,Maringa (MGF),Azul Linhas Aereas (Pink Ribbon Livery) AT76 (PR-AKF),Landed 21:38,2021-06-14
28,28,22:10 AD4821,,Porto Alegre (POA),Azul Linhas Aereas E195 (PR-AUE),Landed 21:54,2021-06-14
29,29,22:15,AD4832,Sao Paulo (GRU),Azul Linhas Aereas A20N (PR-YYA),Landed 22:08,2021-06-14
30,30,23:10,AD4061,Belo Horizonte (CNF),Azul Linhas Aereas (50 cities Livery) E195 (PR-AXH),Unknown,2021-06-14
31,31,23:15,G31784,Brasilia (BSB),GOL Linhas Aereas B738 (PR-GUL),Landed 23:14,2021-06-14
32,32,23:15,LA3346,Brasilia (BSB),LATAM Airlines A320 (PR-MYV),Landed 23:11,2021-06-14
33,33,23:20,G31128,Sao Paulo (GRU),GOL Linhas Aereas B738 (PR-GXV),Landed 22:57,2021-06-14
34,34,23:35 AD4208,,Rio de Janeiro (SDU),Azul Linhas Aereas A20N (PR-YYD),Landed 23:27,2021-06-14
35,35,23:55,AD4814,Campinas (VCP),Azul Linhas Aereas E295 (PS-AEH),Landed 23:32,2021-06-14
0,0,06:53,LA3461,Sao Paulo (CGH),LATAM Airlines A319 (PT-TMI),Landed 06:48,2021-06-15
1,1,08:15,LA4787,Sao Paulo (GRU),LATAM Airlines A321 (PT-MXB),Landed 08:22,2021-06-15
2,2,08:25 AD4193,,Rio de Janeiro (SDU),Azul Linhas Aereas 320,Unknown,2021-06-15
3,3,09:40 AD4024,,Porto Alegre (POA),Azul Linhas Aereas E195 (PR-AXJ),Unknown,2021-06-15
4,4,09:45,AD4064,Campinas (VCP),Azul Linhas Aereas E295 (PS-AEH),Landed 10:01,2021-06-15
5,5,10:05,G31120,Sao Paulo (GRU),GOL Linhas Aereas B738 (PR-GZZ),Landed 09:57,2021-06-15
6,6,10:30,LA3094,Sao Paulo (CGH),LATAM Airlines A319 (PT-TMG),Landed 10:13,2021-06-15
7,7,12:50 AD4067,,Foz do Iguacu (IGU),Azul Linhas Aereas (50 cities Livery) E195 (PR-AXH),Unknown,2021-06-15
8,8,13:20,LA4791,Sao Paulo (GRU),LATAM Airlines A321 (PT-MXF),Landed 13:18,2021-06-15
9,9,13:25,AD4786,Campinas (VCP),Azul Linhas Aereas 320,Unknown,2021-06-15
10,10,13:35,AD4830,Sao Paulo (GRU),Azul Linhas Aereas A20N (PR-YYA),Landed 13:24,2021-06-15
11,11,13:35 AD4679,,Rio de Janeiro (SDU),Azul Linhas Aereas A20N (PR-YYC),Landed 13:33,2021-06-15
12,12,13:45 AD4738,,Porto Alegre (POA),Azul Linhas Aereas E195 (PR-AXP),Landed 13:29,2021-06-15
13,13,14:05,LA3465,Sao Paulo (CGH),LATAM Airlines A320 (PR-MHZ),Landed 13:49,2021-06-15
14,14,14:30,G31114,Sao Paulo (GRU),GOL Linhas Aereas B738 (PR-GXV),Landed 14:20,2021-06-15
15,15,15:00,AD4684,Campinas (VCP),Azul Linhas Aereas E195 (PR-AYL),Unknown,2021-06-15
16,16,17:25 AD4757,,Londrina (LDB),Azul Linhas Aereas AT76 (PR-TKL),Landed 17:01,2021-06-15
17,17,17:45,AD4076,Cascavel (CAC),Azul Linhas Aereas (Pink Ribbon Livery) AT76 (PR-AKF),Landed 17:28,2021-06-15
18,18,18:10 G31507,,Sao Paulo (CGH),GOL Linhas Aereas 738,Unknown,2021-06-15
19,19,18:45,AD4312,Campinas (VCP),Azul Linhas Aereas E195 (PR-AYL),Unknown,2021-06-15
20,20,19:05,LA4793,Sao Paulo (GRU),LATAM Airlines A321 (PT-MXL),Landed 18:55,2021-06-15
21,21,19:10 CV7602,,Campinas (VCP),Cargolux B744 (LX-MCL),Landed 22:50,2021-06-15
22,22,19:20,G31124,Sao Paulo (GRU),GOL Linhas Aereas B738 (PR-GXV),Landed 19:05,2021-06-15
23,23,20:10 AD4078,,Rio de Janeiro (SDU),Azul Linhas Aereas A20N (PR-YYF),Landed 20:05,2021-06-15
24,24,20:15,AD4314,Campinas (VCP),Azul Linhas Aereas E295 (PS-AEH),Landed 19:57,2021-06-15
25,25,20:40,LA3469,Sao Paulo (CGH),LATAM Airlines A320 (PT-MZU),Unknown,2021-06-15
26,26,21:30 AD4018,,Foz do Iguacu (IGU),Azul Linhas Aereas AT76 (PR-TKL),Landed 22:02,2021-06-15
27,27,22:15,AD4832,Sao Paulo (GRU),Azul Linhas Aereas A20N (PR-YYA),Landed 22:06,2021-06-15
28,28,22:40 AD4821,,Porto Alegre (POA),Azul Linhas Aereas AT76 (PR-AKC),Landed 22:19,2021-06-15
29,29,23:10,AD4061,Belo Horizonte (CNF),Azul Linhas Aereas E195 (PR-AUM),Landed 22:58,2021-06-15
30,30,23:15,G31784,Brasilia (BSB),GOL Linhas Aereas B738 (PR-GXI),Landed 23:04,2021-06-15
31,31,23:15,LA3346,Brasilia (BSB),LATAM Airlines A320 (PR-MYR),Landed 23:14,2021-06-15
32,32,23:20,G31128,Sao Paulo (GRU),GOL Linhas Aereas B738 (PR-GZW),Landed 23:18,2021-06-15
33,33,23:35 AD4208,,Rio de Janeiro (SDU),Azul Linhas Aereas A20N (PR-YYE),Landed 23:36,2021-06-15
34,34,23:55,AD4814,Campinas (VCP),Azul Linhas Aereas (Tropical Spix's Macaw Livery) E295 (PS-AEF),Landed 23:44,2021-06-15
