,Unnamed: 0,Estimated,Number,From,Airline,Status,date
0,0,00:02 VR663,,Espargos (SID),Cabo Verde Airlines 752,Unknown,2021-06-08
1,1,00:05,G31558,Sao Paulo (CGH),GOL Linhas Aereas B738 (PR-GGW),Landed 23:51,2021-06-08
2,2,00:15 AD4197,,Brasilia (BSB),Azul Linhas Aereas A20N (PR-YSD),Landed 23:43,2021-06-08
3,3,00:25,G31968,Fortaleza (FOR),GOL Linhas Aereas B738 (PR-GTP),Landed 00:07,2021-06-08
4,4,01:00 AD4662,,Sao Paulo (CGH),Azul Linhas Aereas A20N (PR-YRF),Landed 00:59,2021-06-08
5,5,01:15,AD4152,Sao Paulo (GRU),Azul Linhas Aereas A20N (PR-YRL),Landed 00:51,2021-06-08
6,6,01:25,AD4263,Campina Grande (CPV),Azul Linhas Aereas AT76 (PR-AQM),Landed 01:20,2021-06-08
7,7,01:30,G34116,Sao Paulo (GRU),GOL Linhas Aereas B738 (PR-GZZ),Landed 01:29,2021-06-08
8,8,01:45,LA3120,Sao Paulo (GRU),LATAM Airlines A320 (PR-MYH),Landed 01:32,2021-06-08
9,9,01:55 AD4901,,Joao Pessoa (JPA),Azul Linhas Aereas AT76 (PR-AKJ),Landed 01:40,2021-06-08
10,10,02:20,AD4604,Belo Horizonte (CNF),Azul Linhas Aereas A20N (PR-YRV),Landed 02:09,2021-06-08
11,11,02:30,AD4885,Campinas (VCP),Azul Linhas Aereas A21N (PR-YJA),Landed 02:30,2021-06-08
12,12,06:30 AD4261,,Joao Pessoa (JPA),Azul Linhas Aereas AT76 (PR-AKJ),Landed 06:18,2021-06-08
13,13,06:55 AD4600,,Maceio (MCZ),Azul Linhas Aereas AT76 (PR-AQN),Landed 06:37,2021-06-08
14,14,07:00 AD4168,,Manaus (MAO),Azul Linhas Aereas A20N (PR-YRU),Landed 06:35,2021-06-08
15,15,07:15,AD4360,Sao Luis (SLZ),Azul Linhas Aereas A20N (PR-YYK),Landed 07:02,2021-06-08
16,16,07:15,AD4425,Juazeiro Do Norte (JDO),Azul Linhas Aereas E195 (PR-AXF),Unknown,2021-06-08
17,17,07:20,AD4161,Teresina (THE),Azul Linhas Aereas A20N (PR-YRJ),Landed 07:07,2021-06-08
18,18,07:20,AD4737,Vitoria (VIX),Azul Linhas Aereas E195 (PR-AUI),Landed 07:04,2021-06-08
19,19,07:30 AD4259,,Natal (NAT),Azul Linhas Aereas AT76 (PR-AQZ),Landed 07:21,2021-06-08
20,20,07:30 AD4603,,Aracaju (AJU),Azul Linhas Aereas AT76 (PR-AKI),Landed 07:16,2021-06-08
21,21,07:30 M36570,,Sao Paulo (GRU),LATAM Cargo Brasil 76V,Unknown,2021-06-08
22,22,07:35,AD4428,Salvador (SSA),Azul Linhas Aereas E195 (PR-AUF),Landed 07:09,2021-06-08
23,23,07:45,AD4255,Fortaleza (FOR),Azul Linhas Aereas E195 (PR-AUH),Landed 07:37,2021-06-08
24,24,07:45 AD5361,,Caruaru (CAU),Azul Conecta (Pink Ribbon Livery) C208 (PT-MED),Landed 07:28,2021-06-08
25,25,07:55,AD4232,Sao Paulo (GRU),Azul Linhas Aereas A20N (PR-YRX),Landed 07:41,2021-06-08
26,26,08:20 G31811,,Fortaleza (FOR),GOL Linhas Aereas B38M (PR-XMG),Landed 07:57,2021-06-08
27,27,09:57,LA3110,Sao Paulo (GRU),LATAM Airlines A321 (PT-XPH),Landed 09:49,2021-06-08
28,28,10:35 AD2005,,Campinas (VCP),Azul Cargo B734 (PR-AJY),Landed 10:26,2021-06-08
29,29,11:00 AD4069,,Joao Pessoa (JPA),Azul Linhas Aereas AT76 (PR-AKJ),Landed 11:01,2021-06-08
30,30,11:10,G31860,Rio de Janeiro (GIG),GOL Linhas Aereas B738 (PR-VBK),Landed 10:50,2021-06-08
31,31,11:15 AD4431,,Brasilia (BSB),Azul Linhas Aereas A20N (PR-YSB),Landed 11:03,2021-06-08
32,32,11:15,AD4649,Porto Alegre (POA),Azul Linhas Aereas A20N (PR-YYL),Landed 10:57,2021-06-08
33,33,11:20,AD4518,Sao Paulo (GRU),Azul Linhas Aereas A20N (PR-YRI),Landed 10:54,2021-06-08
34,34,11:25 AD4200,,Sao Paulo (CGH),Azul Linhas Aereas A20N (PR-YSG),Landed 11:34,2021-06-08
35,35,11:25,G31614,Sao Paulo (GRU),GOL Linhas Aereas B738 (PR-GUJ),Landed 11:22,2021-06-08
36,36,11:30,AD4109,Belem (BEL),Azul Linhas Aereas A20N (PR-YRE),Landed 11:24,2021-06-08
37,37,11:30,AD4447,Belo Horizonte (CNF),Azul Linhas Aereas A20N (PR-YSA),Landed 11:11,2021-06-08
38,38,11:35,AD4079,Campinas (VCP),Azul Linhas Aereas A332 (PR-AIZ),Landed 11:43,2021-06-08
39,39,11:35,AD4542,Rio de Janeiro (SDU),Azul Linhas Aereas A20N (PR-YRQ),Landed 11:28,2021-06-08
40,40,11:40 AD4155,,Maceio (MCZ),Azul Linhas Aereas AT76 (PR-AQM),Landed 11:41,2021-06-08
41,41,11:45 AD4159,,Natal (NAT),Azul Linhas Aereas AT76 (PR-AKI),Landed 11:48,2021-06-08
42,42,11:50,AD4073,Campina Grande (CPV),Azul Linhas Aereas AT76 (PR-AQZ),Landed 11:31,2021-06-08
43,43,11:50 AD4151,,Fortaleza (FOR),Azul Linhas Aereas E195 (PR-AUF),Landed 11:59,2021-06-08
44,44,11:55,AD4427,Petrolina (PNZ),Azul Linhas Aereas E195 (PR-AUH),Landed 11:54,2021-06-08
45,45,11:55,AD4467,Fernando De Noronha (FEN),Azul Linhas Aereas E195 (PR-AXF),Unknown,2021-06-08
46,46,12:00,AD4149,Salvador (SSA),Azul Linhas Aereas A20N (PR-YRC),Landed 12:03,2021-06-08
47,47,12:00 AD4157,,Aracaju (AJU),Azul Linhas Aereas AT7,Unknown,2021-06-08
48,48,12:05,G31554,Sao Paulo (CGH),GOL Linhas Aereas B737 (PR-GEK),Landed 11:56,2021-06-08
49,49,12:10 AD5363,,Serra Talhada (SET),Azul Conecta (Pink Ribbon Livery) C208 (PT-MED),Landed 12:08,2021-06-08
50,50,12:10 G31744,,Brasilia (BSB),GOL Linhas Aereas B738 (PR-GUH),Landed 11:51,2021-06-08
51,51,12:23 LA3364,,Brasilia (BSB),LATAM Airlines A321 (PT-MXC),Landed 12:13,2021-06-08
52,52,13:25 AD2046,,Vitoria (VIX),Azul Linhas Aereas -,Unknown,2021-06-08
53,53,14:10 WD5806,,Campinas (VCP),Modern Logistics 737,Unknown,2021-06-08
54,54,15:00 AD5365,,Caruaru (CAU),Azul Linhas Aereas CN1,Unknown,2021-06-08
55,55,15:14,LA3114,Sao Paulo (GRU),LATAM Airlines A321 (PT-MXF),Landed 15:08,2021-06-08
56,56,15:35 AD4439,,Natal (NAT),Azul Linhas Aereas E195 (PR-AXF),Unknown,2021-06-08
57,57,15:35 AD4527,,Maceio (MCZ),Azul Linhas Aereas AT76 (PR-AKI),Landed 15:15,2021-06-08
58,58,15:40 AD4561,,Joao Pessoa (JPA),Azul Linhas Aereas AT76 (PR-AQM),Landed 15:50,2021-06-08
59,59,15:45,AD4146,Rio de Janeiro (SDU),Azul Linhas Aereas A20N (PR-YRV),Landed 15:26,2021-06-08
60,60,15:50,AD4890,Belo Horizonte (CNF),Azul Linhas Aereas A20N (PR-YSF),Landed 15:34,2021-06-08
61,61,15:55,AD4563,Teresina (THE),Azul Linhas Aereas A20N (PR-YSG),Landed 16:31,2021-06-08
62,62,16:00,AD4091,Fernando De Noronha (FEN),Azul Linhas Aereas E195 (PR-AUF),Landed 15:47,2021-06-08
63,63,16:00,AD4607,Campina Grande (CPV),Azul Linhas Aereas AT76 (PR-AKJ),Landed 15:31,2021-06-08
64,64,16:05,AD4014,Sao Luis (SLZ),Azul Linhas Aereas A20N (PR-YRA),Landed 15:53,2021-06-08
65,65,16:10,AD4565,Salvador (SSA),Azul Linhas Aereas 320,Unknown,2021-06-08
66,66,16:10,AD4618,Sao Paulo (GRU),Azul Linhas Aereas A20N (PR-YRX),Landed 15:56,2021-06-08
67,67,16:15 AD4144,,Sao Paulo (CGH),Azul Linhas Aereas A20N (PR-YRU),Landed 16:12,2021-06-08
68,68,16:20,AD4437,Aracaju (AJU),Azul Linhas Aereas AT76 (PR-AQZ),Landed 16:09,2021-06-08
69,69,16:20,AD4628,Campinas (VCP),Azul Linhas Aereas A339 (PR-ANZ),Landed 16:18,2021-06-08
70,70,16:25 AD4348,,Fortaleza (FOR),Azul Linhas Aereas E195 (PR-AUH),Landed 16:22,2021-06-08
71,71,16:30,G31618,Sao Paulo (GRU),GOL Linhas Aereas B38M (PR-XMA),Landed 16:25,2021-06-08
72,72,16:40,G31863,Fernando De Noronha (FEN),GOL Linhas Aereas B737 (PR-GEK),Landed 16:29,2021-06-08
73,73,16:40 LA4691,,Brasilia (BSB),LATAM Airlines A320 (PR-MYV),Landed 16:33,2021-06-08
74,74,16:50 M39836,,Sao Paulo (GRU),LATAM Cargo Brasil 76V,Unknown,2021-06-08
75,75,16:55,LA3148,Sao Paulo (GRU),LATAM Airlines A321 (PT-MXD),Landed 16:40,2021-06-08
76,76,18:50,AD4823,Rio de Janeiro (SDU),Azul Linhas Aereas 320,Unknown,2021-06-08
77,77,19:10 AD5367,,Serra Talhada (SET),Azul Linhas Aereas CN1,Unknown,2021-06-08
78,78,19:25,AD4668,Natal (NAT),Azul Linhas Aereas AT76 (PR-AKJ),Landed 19:13,2021-06-08
79,79,19:35,AD4507,Maceio (MCZ),Azul Linhas Aereas AT76 (PR-AQN),Landed 19:17,2021-06-08
80,80,20:00,AD4433,Belem (BEL),Azul Linhas Aereas A20N (PR-YYJ),Landed 19:38,2021-06-08
81,81,20:00,AD4486,Joao Pessoa (JPA),Azul Linhas Aereas AT76 (PR-AKI),Landed 19:42,2021-06-08
82,82,20:10,AD4036,Fortaleza (FOR),Azul Linhas Aereas E195 (PR-AXF),Unknown,2021-06-08
83,83,20:15,G31620,Sao Paulo (GRU),GOL Linhas Aereas B738 (PR-GGN),Landed 19:56,2021-06-08
84,84,20:50 AD4250,,Sao Paulo (CGH),Azul Linhas Aereas A20N (PR-YRE),Landed 20:39,2021-06-08
85,85,20:50,AD4252,Rio de Janeiro (SDU),Azul Linhas Aereas (Pink Ribbon Livery) A20N (PR-YRS),Landed 20:47,2021-06-08
86,86,20:55,AD4284,Belo Horizonte (CNF),Azul Linhas Aereas A20N (PR-YYB),Landed 20:41,2021-06-08
87,87,21:00 AD4502,,Aracaju (AJU),Azul Linhas Aereas AT76 (PR-AQZ),Landed 20:45,2021-06-08
88,88,21:05 AD4494,,Natal (NAT),Azul Linhas Aereas AT76 (PR-AQM),Landed 20:54,2021-06-08
89,89,21:10,AD4332,Campinas (VCP),Azul Linhas Aereas A20N (PR-YYH),Landed 20:58,2021-06-08
90,90,21:10,AD4620,Sao Paulo (GRU),Azul Linhas Aereas A20N (PR-YRI),Landed 20:50,2021-06-08
91,91,21:20,AD4257,Salvador (SSA),Azul Linhas Aereas E195 (PR-AXC),Landed 21:14,2021-06-08
92,92,21:20,AD4676,Petrolina (PNZ),Azul Linhas Aereas E195 (PR-AUF),Landed 21:12,2021-06-08
93,93,21:25,LA3146,Sao Paulo (GRU),LATAM Airlines A320 (PR-MHF),Landed 21:05,2021-06-08
94,94,22:25 AD4887,,Maceio (MCZ),Azul Linhas Aereas AT76 (PR-AKJ),Landed 22:09,2021-06-08
95,95,22:56 LA3028,,Brasilia (BSB),LATAM Airlines A320 (PR-MYR),Landed 22:49,2021-06-08
0,0,00:15 AD4197,,Brasilia (BSB),Azul Linhas Aereas A20N (PR-YSF),Landed 23:53,2021-06-09
1,1,01:00 AD4662,,Sao Paulo (CGH),Azul Linhas Aereas A20N (PR-YRX),Landed 01:18,2021-06-09
2,2,01:15,AD4152,Sao Paulo (GRU),Azul Linhas Aereas A20N (PR-YRN),Landed 01:23,2021-06-09
3,3,01:25,AD4263,Campina Grande (CPV),Azul Linhas Aereas AT76 (PR-AQM),Landed 01:02,2021-06-09
4,4,01:30,G34116,Sao Paulo (GRU),GOL Linhas Aereas B738 (PR-GZW),Landed 01:14,2021-06-09
5,5,01:55 AD4901,,Joao Pessoa (JPA),Azul Linhas Aereas AT76 (PR-AQN),Landed 02:30,2021-06-09
6,6,02:20,AD4604,Belo Horizonte (CNF),Azul Linhas Aereas 320,Unknown,2021-06-09
7,7,02:30,AD4885,Campinas (VCP),Azul Linhas Aereas A21N (PR-YJC),Landed 02:35,2021-06-09
8,8,06:30 AD4261,,Joao Pessoa (JPA),Azul Linhas Aereas AT76 (PR-AQM),Landed 06:29,2021-06-09
9,9,06:55 AD4600,,Maceio (MCZ),Azul Linhas Aereas AT76 (PR-AKJ),Landed 06:39,2021-06-09
10,10,07:00 AD4168,,Manaus (MAO),Azul Linhas Aereas A20N (PR-YRK),Landed 06:33,2021-06-09
11,11,07:15 AD4360,,Sao Luis (SLZ),Azul Linhas Aereas A20N (PR-YYB),Unknown,2021-06-09
12,12,07:15,AD4425,Juazeiro Do Norte (JDO),Azul Linhas Aereas E195 (PR-AXF),Landed 07:03,2021-06-09
13,13,07:20,AD4161,Teresina (THE),Azul Linhas Aereas A20N (PR-YRZ),Canceled,2021-06-09
14,14,07:20,AD4737,Vitoria (VIX),Azul Linhas Aereas E195 (PR-AUH),Landed 07:07,2021-06-09
15,15,07:30,AD4259,Natal (NAT),Azul Linhas Aereas AT76 (PR-AQZ),Landed 07:13,2021-06-09
16,16,07:30 AD4603,,Aracaju (AJU),Azul Linhas Aereas AT76 (PR-ATV),Landed 09:17,2021-06-09
17,17,07:30 M36570,,Sao Paulo (GRU),LATAM Cargo Brasil 76V,Unknown,2021-06-09
18,18,07:35,AD4428,Salvador (SSA),Azul Linhas Aereas E195 (PR-AXC),Unknown,2021-06-09
19,19,07:45,AD4255,Fortaleza (FOR),Azul Linhas Aereas E195 (PR-AUF),Landed 07:38,2021-06-09
20,20,07:45 AD5361,,Caruaru (CAU),Azul Conecta (Pink Ribbon Livery) C208 (PT-MED),Landed 07:23,2021-06-09
21,21,07:55,AD4232,Sao Paulo (GRU),Azul Linhas Aereas A20N (PR-YRA),Landed 07:42,2021-06-09
22,22,09:55,LA3110,Sao Paulo (GRU),LATAM Airlines A321 (PT-MXO),Landed 09:46,2021-06-09
23,23,11:00 AD4069,,Joao Pessoa (JPA),Azul Linhas Aereas AT76 (PR-AQN),Landed 10:40,2021-06-09
24,24,11:15 AD4431,,Brasilia (BSB),Azul Linhas Aereas A20N (PR-YYH),Landed 10:57,2021-06-09
25,25,11:15,AD4649,Porto Alegre (POA),Azul Linhas Aereas A20N (PR-YRY),Landed 12:16,2021-06-09
26,26,11:20,AD4518,Sao Paulo (GRU),Azul Linhas Aereas A20N (PR-YSB),Landed 10:49,2021-06-09
27,27,11:25,AD4109,Belem (BEL),Azul Linhas Aereas A20N (PR-YRI),Landed 11:10,2021-06-09
28,28,11:30 AD4151,,Fortaleza (FOR),Azul Linhas Aereas E195 (PR-AUH),Landed 11:16,2021-06-09
29,29,11:30,AD4447,Belo Horizonte (CNF),Azul Linhas Aereas A20N (PR-YYL),Landed 11:06,2021-06-09
30,30,11:35,AD4079,Campinas (VCP),Azul Linhas Aereas A332,Unknown,2021-06-09
31,31,11:35,AD4542,Rio de Janeiro (SDU),Azul Linhas Aereas A20N (PR-YRQ),Landed 11:23,2021-06-09
32,32,11:40 AD4155,,Maceio (MCZ),Azul Linhas Aereas AT76 (PR-AQZ),Landed 11:27,2021-06-09
33,33,11:45 AD4159,,Natal (NAT),Azul Linhas Aereas AT76 (PR-AKI),Landed 11:35,2021-06-09
34,34,11:50,AD4073,Campina Grande (CPV),Azul Linhas Aereas AT76 (PR-AKJ),Landed 11:42,2021-06-09
35,35,11:50 AD4200,,Sao Paulo (CGH),Azul Linhas Aereas A20N (PR-YRF),Landed 12:04,2021-06-09
36,36,11:55,AD4427,Petrolina (PNZ),Azul Linhas Aereas E195 (PR-AXC),Landed 11:36,2021-06-09
37,37,11:55,AD4467,Fernando De Noronha (FEN),Azul Linhas Aereas E195 (PR-AUF),Landed 11:46,2021-06-09
38,38,12:00 AD4157,,Aracaju (AJU),Azul Linhas Aereas AT7,Unknown,2021-06-09
39,39,12:00,AD4149,Salvador (SSA),Azul Linhas Aereas A20N (PR-YSA),Landed 11:49,2021-06-09
40,40,12:05,G31554,Sao Paulo (CGH),GOL Linhas Aereas B737 (PR-GEK),Landed 11:39,2021-06-09
41,41,12:10 AD5363,,Serra Talhada (SET),Azul Conecta (Pink Ribbon Livery) C208 (PT-MED),Landed 11:53,2021-06-09
42,42,12:10 G31744,,Brasilia (BSB),GOL Linhas Aereas B738 (PR-GUX),Landed 12:00,2021-06-09
43,43,12:21 LA3364,,Brasilia (BSB),LATAM Airlines A321 (PT-XPH),Landed 12:12,2021-06-09
44,44,15:00 AD5365,,Caruaru (CAU),Azul Linhas Aereas CN1,Unknown,2021-06-09
45,45,15:15 AD4471,,Fernando De Noronha (FEN),Azul Linhas Aereas E195 (PR-AUH),Landed 14:53,2021-06-09
46,46,15:15,LA3114,Sao Paulo (GRU),LATAM Airlines A321 (PT-MXC),Landed 15:12,2021-06-09
47,47,15:35 AD4439,,Natal (NAT),Azul Linhas Aereas E195 (PR-AUF),Landed 15:27,2021-06-09
48,48,15:35 AD4527,,Maceio (MCZ),Azul Linhas Aereas AT76 (PR-AQN),Landed 15:45,2021-06-09
49,49,15:40 AD4561,,Joao Pessoa (JPA),Azul Linhas Aereas AT76 (PR-AQM),Landed 15:23,2021-06-09
50,50,15:45,AD4146,Rio de Janeiro (SDU),Azul Linhas Aereas A20N (PR-YYE),Landed 15:37,2021-06-09
51,51,15:50,AD4890,Belo Horizonte (CNF),Azul Linhas Aereas A20N (PR-YYJ),Landed 15:50,2021-06-09
52,52,15:55,AD4607,Campina Grande (CPV),Azul Linhas Aereas AT76 (PR-AKJ),Landed 15:34,2021-06-09
53,53,16:00,AD4091,Fernando De Noronha (FEN),Azul Linhas Aereas E195 (PR-AXC),Landed 15:41,2021-06-09
54,54,16:05,AD4014,Sao Luis (SLZ),Azul Linhas Aereas A20N (PR-YRC),Landed 16:03,2021-06-09
55,55,16:05,AD4437,Aracaju (AJU),Azul Linhas Aereas AT76 (PR-AQZ),Landed 16:00,2021-06-09
56,56,16:10,AD4565,Salvador (SSA),Azul Linhas Aereas 320,Unknown,2021-06-09
57,57,16:10,AD4618,Sao Paulo (GRU),Azul Linhas Aereas A20N (PR-YRA),Landed 16:21,2021-06-09
58,58,16:15 AD4144,,Sao Paulo (CGH),Azul Linhas Aereas A20N (PR-YRE),Landed 16:10,2021-06-09
59,59,16:15,G31900,Salvador (SSA),GOL Linhas Aereas B738 (PR-GUX),Landed 16:05,2021-06-09
60,60,16:20,AD4628,Campinas (VCP),Azul Linhas Aereas A332 (PR-AIZ),Landed 16:48,2021-06-09
61,61,16:20,AD4656,Mossoro (MVF),Azul Linhas Aereas AT76 (PR-AKI),Landed 16:16,2021-06-09
62,62,16:25 AD4348,,Fortaleza (FOR),Azul Linhas Aereas A20N (PR-YRZ),Landed 16:13,2021-06-09
63,63,16:30,AD4563,Teresina (THE),Azul Linhas Aereas A20N (PR-YYL),Landed 16:21,2021-06-09
64,64,16:30,G31618,Sao Paulo (GRU),GOL Linhas Aereas B38M (PR-XMC),Landed 16:27,2021-06-09
65,65,16:40,G31863,Fernando De Noronha (FEN),GOL Linhas Aereas B737 (PR-GEK),Landed 16:24,2021-06-09
66,66,16:55,LA3115,Sao Paulo (GRU),LATAM Airlines A320 (PT-MZT),Unknown,2021-06-09
67,67,18:50,AD4823,Rio de Janeiro (SDU),Azul Linhas Aereas A20N (PR-YRK),Canceled,2021-06-09
68,68,18:50,G32086,Rio de Janeiro (GIG),GOL Linhas Aereas B38M (PR-XME),Landed 18:27,2021-06-09
69,69,19:10 AD5367,,Serra Talhada (SET),Azul Linhas Aereas CN1,Unknown,2021-06-09
70,70,19:25,AD4668,Natal (NAT),Azul Linhas Aereas AT76 (PR-AKJ),Landed 19:26,2021-06-09
71,71,19:35,AD4507,Maceio (MCZ),Azul Linhas Aereas AT76 (PR-AQM),Landed 19:29,2021-06-09
72,72,20:00,AD4433,Belem (BEL),Azul Linhas Aereas A20N (PR-YYB),Unknown,2021-06-09
73,73,20:00,AD4486,Joao Pessoa (JPA),Azul Linhas Aereas AT7,Canceled,2021-06-09
74,74,20:10,AD4036,Fortaleza (FOR),Azul Linhas Aereas E195 (PR-AUF),Landed 20:24,2021-06-09
75,75,20:10,G31620,Sao Paulo (GRU),GOL Linhas Aereas (Brazil Football Livery) B738 (PR-GUM),Landed 20:02,2021-06-09
76,76,20:40,TP11,Lisbon (LIS),TAP Air Portugal A339 (CS-TUN),Landed 20:22,2021-06-09
77,77,20:50 AD4250,,Sao Paulo (CGH),Azul Linhas Aereas A20N (PR-YRF),Landed 20:34,2021-06-09
78,78,20:50,AD4252,Rio de Janeiro (SDU),Azul Linhas Aereas A20N (PR-YRQ),Landed 20:29,2021-06-09
79,79,20:55,AD4284,Belo Horizonte (CNF),Azul Linhas Aereas A20N (PR-YSA),Landed 20:33,2021-06-09
80,80,21:00 AD4502,,Aracaju (AJU),Azul Linhas Aereas AT76 (PR-AQZ),Landed 20:43,2021-06-09
81,81,21:05 AD4494,,Natal (NAT),Azul Linhas Aereas AT76 (PR-AKI),Landed 20:46,2021-06-09
82,82,21:10,AD4332,Campinas (VCP),Azul Linhas Aereas A20N (PR-YRK),Landed 21:10,2021-06-09
83,83,21:10,AD4620,Sao Paulo (GRU),Azul Linhas Aereas A20N (PR-YSB),Landed 20:50,2021-06-09
84,84,21:12,LA3146,Sao Paulo (GRU),LATAM Airlines A321 (PT-MXI),Landed 21:05,2021-06-09
85,85,21:20,AD4257,Salvador (SSA),Azul Linhas Aereas E195 (PR-AXK),Landed 21:17,2021-06-09
86,86,21:20,AD4676,Petrolina (PNZ),Azul Linhas Aereas E195 (PR-AUH),Landed 21:14,2021-06-09
87,87,22:25 AD4887,,Maceio (MCZ),Azul Linhas Aereas AT76 (PR-AKJ),Landed 22:25,2021-06-09
88,88,23:45 VR6631,,Espargos (SID),Cabo Verde Airlines 752,Unknown,2021-06-09
89,89,23:50,G31746,Brasilia (BSB),GOL Linhas Aereas B738 (PR-GGX),Landed 23:28,2021-06-09
0,0,00:02 VR663,,Espargos (SID),Cabo Verde Airlines 752,Unknown,2021-06-10
1,1,00:05,G31558,Sao Paulo (CGH),GOL Linhas Aereas B738 (PR-GXW),Landed 23:25,2021-06-10
2,2,00:15 AD4197,,Brasilia (BSB),Azul Linhas Aereas A20N (PR-YYJ),Landed 23:57,2021-06-10
3,3,00:25,G31968,Fortaleza (FOR),GOL Linhas Aereas (Brazil Football Livery) B738 (PR-GUM),Landed 00:34,2021-06-10
4,4,01:00 AD4662,,Sao Paulo (CGH),Azul Linhas Aereas A20N (PR-YRE),Landed 00:51,2021-06-10
5,5,01:15,AD4152,Sao Paulo (GRU),Azul Linhas Aereas A20N (PR-YRW),Landed 00:46,2021-06-10
6,6,01:25,AD4263,Campina Grande (CPV),Azul Linhas Aereas AT76 (PR-ATV),Landed 01:11,2021-06-10
7,7,01:30,G34116,Sao Paulo (GRU),GOL Linhas Aereas B738 (PR-GUC),Landed 01:20,2021-06-10
8,8,01:55 AD4901,,Joao Pessoa (JPA),Azul Linhas Aereas AT76 (PR-AKJ),Landed 01:28,2021-06-10
9,9,02:20,AD4604,Belo Horizonte (CNF),Azul Linhas Aereas 320,Unknown,2021-06-10
10,10,02:30,AD4885,Campinas (VCP),Azul Linhas Aereas A21N (PR-YJA),Landed 02:27,2021-06-10
11,11,06:30 AD4261,,Joao Pessoa (JPA),Azul Linhas Aereas AT76 (PR-AKJ),Landed 06:22,2021-06-10
12,12,06:55 AD4600,,Maceio (MCZ),Azul Linhas Aereas AT76 (PR-AQZ),Landed 06:37,2021-06-10
13,13,07:00 AD4168,,Manaus (MAO),Azul Linhas Aereas A20N (PR-YSD),Landed 06:50,2021-06-10
14,14,07:15 AD4360,,Sao Luis (SLZ),Azul Linhas Aereas A20N (PR-YRK),Landed 07:00,2021-06-10
15,15,07:15 AD4425,,Juazeiro Do Norte (JDO),Azul Linhas Aereas E195 (PR-AUF),Landed 06:56,2021-06-10
16,16,07:20 AD4737,,Vitoria (VIX),Azul Linhas Aereas E195 (PR-AXI),Landed 07:02,2021-06-10
17,17,07:20 AD4161,,Teresina (THE),Azul Linhas Aereas A20N (PR-YSE),Landed 07:05,2021-06-10
18,18,07:30 AD4259,,Natal (NAT),Azul Linhas Aereas AT76 (PR-AKI),Landed 07:13,2021-06-10
19,19,07:30 AD4603,,Aracaju (AJU),Azul Linhas Aereas AT76 (PR-AQM),Landed 07:09,2021-06-10
20,20,07:30 M36570,,Sao Paulo (GRU),LATAM Cargo Brasil 76V,Unknown,2021-06-10
21,21,07:35 AD4428,,Salvador (SSA),Azul Linhas Aereas E195 (PR-AXN),Landed 07:16,2021-06-10
22,22,07:45 AD4255,,Fortaleza (FOR),Azul Linhas Aereas E195 (PR-AUH),Landed 07:38,2021-06-10
23,23,07:45 AD5361,,Caruaru (CAU),Azul Linhas Aereas CN1,Unknown,2021-06-10
24,24,07:55 AD4232,,Sao Paulo (GRU),Azul Linhas Aereas A20N (PR-YRZ),Landed 07:41,2021-06-10
25,25,08:20 G31811,,Fortaleza (FOR),GOL Linhas Aereas B738 (PR-GGX),Landed 07:56,2021-06-10
26,26,10:00 LA3110,,Sao Paulo (GRU),LATAM Airlines B763 (PT-MSX),Landed 10:19,2021-06-10
27,27,10:35 AD2005,,Campinas (VCP),Azul Cargo B734 (PR-AJZ),Landed 10:26,2021-06-10
28,28,11:00 AD4069,,Joao Pessoa (JPA),Azul Linhas Aereas AT76 (PR-AKI),Landed 10:41,2021-06-10
29,29,11:10 G31860,,Rio de Janeiro (GIG),GOL Linhas Aereas B38M (PR-XME),Landed 10:56,2021-06-10
30,30,11:15 AD4649,,Porto Alegre (POA),Azul Linhas Aereas (Pink Ribbon Livery) A20N (PR-YRS),Landed 10:37,2021-06-10
31,31,11:15 AD4431,,Brasilia (BSB),Azul Linhas Aereas A20N (PR-YRF),Landed 11:01,2021-06-10
32,32,11:20,AD4518,Sao Paulo (GRU),Azul Linhas Aereas A20N (PR-YRW),Landed 10:54,2021-06-10
33,33,11:25 AD4200,,Sao Paulo (CGH),Azul Linhas Aereas A20N (PR-YSC),Landed 11:15,2021-06-10
34,34,11:25,G31614,Sao Paulo (GRU),GOL Linhas Aereas B38M (PR-XMB),Landed 11:03,2021-06-10
35,35,11:30,AD4109,Belem (BEL),Azul Linhas Aereas A20N (PR-YYL),Landed 11:13,2021-06-10
36,36,11:30,AD4447,Belo Horizonte (CNF),Azul Linhas Aereas A20N (PR-YYJ),Landed 11:24,2021-06-10
37,37,11:35,AD4079,Campinas (VCP),Azul Linhas Aereas (Tudo Azul Livery) A332 (PR-AIT),Unknown,2021-06-10
38,38,11:35,AD4542,Rio de Janeiro (SDU),Azul Linhas Aereas A20N (PR-YRV),Landed 11:18,2021-06-10
39,39,11:40 AD4155,,Maceio (MCZ),Azul Linhas Aereas AT76 (PR-AQM),Landed 11:31,2021-06-10
40,40,11:45 AD4159,,Natal (NAT),Azul Linhas Aereas AT76 (PR-AQZ),Landed 11:43,2021-06-10
41,41,11:50,AD4073,Campina Grande (CPV),Azul Linhas Aereas AT76 (PR-AKJ),Landed 11:22,2021-06-10
42,42,11:50 AD4151,,Fortaleza (FOR),Azul Linhas Aereas E195 (PR-AUF),Landed 11:40,2021-06-10
43,43,11:55,AD4427,Petrolina (PNZ),Azul Linhas Aereas E195 (PR-AUH),Landed 11:49,2021-06-10
44,44,11:55,AD4467,Fernando De Noronha (FEN),Azul Linhas Aereas E195 (PR-AXN),Landed 11:36,2021-06-10
45,45,12:00,AD4149,Salvador (SSA),Azul Linhas Aereas A20N (PR-YRC),Landed 11:53,2021-06-10
46,46,12:00 AD4157,,Aracaju (AJU),Azul Linhas Aereas AT7,Unknown,2021-06-10
47,47,12:05,G31554,Sao Paulo (CGH),GOL Linhas Aereas B737 (PR-GEK),Landed 11:47,2021-06-10
48,48,12:10 AD5363,,Serra Talhada (SET),Azul Linhas Aereas CN1,Unknown,2021-06-10
49,49,12:10 G31744,,Brasilia (BSB),GOL Linhas Aereas B738 (PR-GUX),Landed 11:56,2021-06-10
50,50,12:25 LA3364,,Brasilia (BSB),LATAM Airlines A321 (PT-MXH),Landed 12:12,2021-06-10
51,51,14:10 WD5806,,Campinas (VCP),Modern Logistics B734 (PP-YBB),Landed 19:23,2021-06-10
52,52,15:00 AD5365,,Caruaru (CAU),Azul Linhas Aereas CN1,Unknown,2021-06-10
53,53,15:15,LA3114,Sao Paulo (GRU),LATAM Airlines A321 (PT-MXJ),Landed 15:01,2021-06-10
54,54,15:35 AD4439,,Natal (NAT),Azul Linhas Aereas E195 (PR-AUH),Landed 15:10,2021-06-10
55,55,15:35 AD4527,,Maceio (MCZ),Azul Linhas Aereas AT76 (PR-AQZ),Landed 15:06,2021-06-10
56,56,15:40 AD4561,,Joao Pessoa (JPA),Azul Linhas Aereas AT76 (PR-AKI),Landed 15:43,2021-06-10
57,57,15:45,AD4146,Rio de Janeiro (SDU),Azul Linhas Aereas A20N (PR-YRQ),Landed 15:22,2021-06-10
58,58,15:50,AD4890,Belo Horizonte (CNF),Azul Linhas Aereas A20N (PR-YYG),Landed 15:27,2021-06-10
59,59,15:55,AD4607,Campina Grande (CPV),Azul Linhas Aereas AT76 (PR-AKJ),Landed 15:35,2021-06-10
60,60,15:55,AD4563,Teresina (THE),Azul Linhas Aereas A20N (PR-YRJ),Landed 15:39,2021-06-10
61,61,16:00,AD4091,Fernando De Noronha (FEN),Azul Linhas Aereas E195 (PR-AUF),Landed 15:49,2021-06-10
62,62,16:05,AD4014,Sao Luis (SLZ),Azul Linhas Aereas A20N (PR-YRH),Landed 15:51,2021-06-10
63,63,16:10,AD4565,Salvador (SSA),Azul Linhas Aereas A20N (PR-YSF),Landed 16:08,2021-06-10
64,64,16:10,AD4618,Sao Paulo (GRU),Azul Linhas Aereas A20N (PR-YSD),Landed 16:14,2021-06-10
65,65,16:15 AD4144,,Sao Paulo (CGH),Azul Linhas Aereas A20N (PR-YRZ),Landed 16:11,2021-06-10
66,66,16:20,AD4437,Aracaju (AJU),Azul Linhas Aereas AT76 (PR-AQM),Landed 16:02,2021-06-10
67,67,16:20,AD4628,Campinas (VCP),Azul Linhas Aereas A332 (PR-AIY),Landed 16:31,2021-06-10
68,68,16:25 AD4348,,Fortaleza (FOR),Azul Linhas Aereas E195 (PR-AXN),Landed 16:22,2021-06-10
69,69,16:30,G31618,Sao Paulo (GRU),GOL Linhas Aereas B738 (PR-GGX),Landed 16:04,2021-06-10
70,70,16:40,G31863,Fernando De Noronha (FEN),GOL Linhas Aereas B737 (PR-GEK),Landed 16:26,2021-06-10
71,71,16:55,LA3115,Sao Paulo (GRU),LATAM Airlines A321 (PT-XPG),Landed 16:38,2021-06-10
72,72,18:50,AD4823,Rio de Janeiro (SDU),Azul Linhas Aereas A20N (PR-YRO),Canceled,2021-06-10
73,73,18:50,G32086,Rio de Janeiro (GIG),GOL Linhas Aereas B38M (PR-XMB),Landed 18:58,2021-06-10
74,74,19:10 AD5367,,Serra Talhada (SET),Azul Linhas Aereas CN1,Unknown,2021-06-10
75,75,19:25,AD4668,Natal (NAT),Azul Linhas Aereas AT76 (PR-AKJ),Landed 19:35,2021-06-10
76,76,19:30 AD9902,,Campinas (VCP),Azul Linhas Aereas 73P,Unknown,2021-06-10
77,77,19:35,AD4507,Maceio (MCZ),Azul Linhas Aereas AT76 (PR-AQZ),Landed 19:27,2021-06-10
78,78,20:00,AD4486,Joao Pessoa (JPA),Azul Linhas Aereas AT76 (PR-ATV),Landed 19:54,2021-06-10
79,79,20:00,AD4433,Belem (BEL),Azul Linhas Aereas A20N (PR-YYB),Unknown,2021-06-10
80,80,20:10,AD4036,Fortaleza (FOR),Azul Linhas Aereas E195 (PR-AUH),Landed 20:18,2021-06-10
81,81,20:15,G31620,Sao Paulo (GRU),GOL Linhas Aereas B738 (PR-GGN),Landed 20:05,2021-06-10
82,82,20:50 AD4250,,Sao Paulo (CGH),Azul Linhas Aereas A20N (PR-YRW),Landed 20:45,2021-06-10
83,83,20:50,AD4252,Rio de Janeiro (SDU),Azul Linhas Aereas A20N (PR-YRV),Landed 20:29,2021-06-10
84,84,20:55,AD4284,Belo Horizonte (CNF),Azul Linhas Aereas A20N (PR-YRK),Landed 20:26,2021-06-10
85,85,21:00,AD4502,Aracaju (AJU),Azul Linhas Aereas AT76 (PR-AKI),Landed 20:42,2021-06-10
86,86,21:05,AD4494,Natal (NAT),Azul Linhas Aereas AT76 (PR-AQM),Landed 20:58,2021-06-10
87,87,21:10,AD4620,Sao Paulo (GRU),Azul Linhas Aereas A20N (PR-YYJ),Landed 21:11,2021-06-10
88,88,21:10,AD4332,Campinas (VCP),Azul Linhas Aereas A20N (PR-YRA),Landed 21:04,2021-06-10
89,89,21:20,AD4257,Salvador (SSA),Azul Linhas Aereas E195 (PR-AXJ),Landed 21:07,2021-06-10
90,90,21:20,AD4676,Petrolina (PNZ),Azul Linhas Aereas E195 (PR-AUF),Landed 21:01,2021-06-10
91,91,21:45,LA3146,Sao Paulo (GRU),LATAM Airlines A320 (PR-TYD),Landed 21:35,2021-06-10
92,92,22:25,AD4887,Maceio (MCZ),Azul Linhas Aereas AT76 (PR-AKJ),Landed 22:56,2021-06-10
93,93,23:03 LA3028,,Brasilia (BSB),LATAM Airlines A320 (PR-MYA),Landed 22:50,2021-06-10
0,0,00:05 VR663,,Espargos (SID),Cabo Verde Airlines 752,Unknown,2021-06-11
1,1,00:15 AD4197,,Brasilia (BSB),Azul Linhas Aereas A20N (PR-YYG),Landed 00:02,2021-06-11
2,2,01:00 AD4662,,Sao Paulo (CGH),Azul Linhas Aereas A20N (PR-YRZ),Landed 00:55,2021-06-11
3,3,01:15,AD4152,Sao Paulo (GRU),Azul Linhas Aereas A20N (PR-YRU),Landed 00:58,2021-06-11
4,4,01:25,AD4263,Campina Grande (CPV),Azul Linhas Aereas AT76 (PR-AQN),Landed 01:03,2021-06-11
5,5,01:30,G34116,Sao Paulo (GRU),GOL Linhas Aereas B38M (PR-XME),Landed 01:36,2021-06-11
6,6,01:45 LA3120,,Sao Paulo (GRU),LATAM Airlines A320 (PR-MYH),Landed 01:46,2021-06-11
7,7,01:55 AD4901,,Joao Pessoa (JPA),Azul Linhas Aereas AT76 (PR-ATV),Landed 01:43,2021-06-11
8,8,02:20,AD4604,Belo Horizonte (CNF),Azul Linhas Aereas 320,Unknown,2021-06-11
9,9,02:30,AD4885,Campinas (VCP),Azul Linhas Aereas A20N (PR-YRX),Landed 02:38,2021-06-11
10,10,06:30 AD4261,,Joao Pessoa (JPA),Azul Linhas Aereas AT76 (PR-AKJ),Landed 06:20,2021-06-11
11,11,06:55 AD4600,,Maceio (MCZ),Azul Linhas Aereas AT76 (PR-AQM),Landed 06:37,2021-06-11
12,12,07:00 AD4168,,Manaus (MAO),Azul Linhas Aereas A20N (PR-YSA),Landed 06:49,2021-06-11
13,13,07:15 AD4360,,Sao Luis (SLZ),Azul Linhas Aereas A20N (PR-YYB),Landed 06:54,2021-06-11
14,14,07:15 AD4425,,Juazeiro Do Norte (JDO),Azul Linhas Aereas E195 (PR-AXN),Landed 07:08,2021-06-11
15,15,07:20 AD4737,,Vitoria (VIX),Azul Linhas Aereas E195 (PR-AUH),Landed 06:57,2021-06-11
16,16,07:20 AD4161,,Teresina (THE),Azul Linhas Aereas A20N (PR-YRR),Landed 06:59,2021-06-11
17,17,07:30 AD4259,,Natal (NAT),Azul Linhas Aereas AT76 (PR-AKI),Landed 07:13,2021-06-11
18,18,07:30 AD4603,,Aracaju (AJU),Azul Linhas Aereas AT76 (PR-AQZ),Landed 07:03,2021-06-11
19,19,07:30 M36570,,Sao Paulo (GRU),LATAM Cargo Brasil 76V,Unknown,2021-06-11
20,20,07:35,AD4428,Salvador (SSA),Azul Linhas Aereas E95,Unknown,2021-06-11
21,21,07:45,AD4255,Fortaleza (FOR),Azul Linhas Aereas E195 (PR-AUF),Landed 07:27,2021-06-11
22,22,07:45 AD5361,,Caruaru (CAU),Azul Linhas Aereas CN1,Unknown,2021-06-11
23,23,07:55,AD4232,Sao Paulo (GRU),Azul Linhas Aereas A20N (PR-YSD),Landed 07:43,2021-06-11
24,24,10:06,LA3110,Sao Paulo (GRU),LATAM Airlines A321 (PT-MXD),Landed 09:59,2021-06-11
25,25,11:00 AD4069,,Joao Pessoa (JPA),Azul Linhas Aereas AT76 (PR-AQN),Landed 10:50,2021-06-11
26,26,11:10,G31860,Rio de Janeiro (GIG),GOL Linhas Aereas B738 (PR-GXA),Landed 10:48,2021-06-11
27,27,11:15,AD4649,Porto Alegre (POA),Azul Linhas Aereas A20N (PR-YSF),Landed 10:56,2021-06-11
28,28,11:15 AD4431,,Brasilia (BSB),Azul Linhas Aereas A20N (PR-YYJ),Landed 11:09,2021-06-11
29,29,11:20,AD4518,Sao Paulo (GRU),Azul Linhas Aereas A20N (PR-YSC),Landed 11:04,2021-06-11
30,30,11:25,AD4109,Belem (BEL),Azul Linhas Aereas A20N (PR-YRL),Landed 11:30,2021-06-11
31,31,11:25,G31614,Sao Paulo (GRU),GOL Linhas Aereas B738 (PR-GUP),Landed 11:13,2021-06-11
32,32,11:30,AD4447,Belo Horizonte (CNF),Azul Linhas Aereas A20N (PR-YRN),Landed 11:18,2021-06-11
33,33,11:30 AD4151,,Fortaleza (FOR),Azul Linhas Aereas E195 (PR-AXN),Landed 11:35,2021-06-11
34,34,11:35,AD4079,Campinas (VCP),Azul Linhas Aereas (Tudo Azul Livery) A332 (PR-AIT),Unknown,2021-06-11
35,35,11:35,AD4542,Rio de Janeiro (SDU),Azul Linhas Aereas A20N (PR-YRO),Landed 11:33,2021-06-11
36,36,11:40 AD4155,,Maceio (MCZ),Azul Linhas Aereas AT76 (PR-AQM),Unknown,2021-06-11
37,37,11:45 AD4159,,Natal (NAT),Azul Linhas Aereas AT76 (PR-AQZ),Landed 11:43,2021-06-11
38,38,11:50,AD4073,Campina Grande (CPV),Azul Linhas Aereas AT76 (PR-AKJ),Landed 11:22,2021-06-11
39,39,11:50 AD4200,,Sao Paulo (CGH),Azul Linhas Aereas A20N (PR-YRE),Landed 11:52,2021-06-11
40,40,11:55,AD4427,Petrolina (PNZ),Azul Linhas Aereas E195 (PR-AUF),Landed 11:48,2021-06-11
41,41,11:55,AD4467,Fernando De Noronha (FEN),Azul Linhas Aereas E195 (PR-AUH),Landed 11:40,2021-06-11
42,42,12:00,AD4149,Salvador (SSA),Azul Linhas Aereas A20N (PR-YRH),Landed 12:02,2021-06-11
43,43,12:00 AD4157,,Aracaju (AJU),Azul Linhas Aereas AT7,Unknown,2021-06-11
44,44,12:05,G31554,Sao Paulo (CGH),GOL Linhas Aereas B737 (PR-GEK),Landed 11:45,2021-06-11
45,45,12:10 AD5363,,Serra Talhada (SET),Azul Linhas Aereas CN1,Unknown,2021-06-11
46,46,12:10 G31744,,Brasilia (BSB),GOL Linhas Aereas B738 (PR-GUL),Landed 11:59,2021-06-11
47,47,12:25 LA3364,,Brasilia (BSB),LATAM Airlines A321 (PT-XPH),Landed 12:19,2021-06-11
48,48,15:00 AD5365,,Caruaru (CAU),Azul Linhas Aereas CN1,Unknown,2021-06-11
49,49,15:15 AD4471,,Fernando De Noronha (FEN),Azul Linhas Aereas E195 (PR-AXN),Landed 15:35,2021-06-11
50,50,15:15,LA3114,Sao Paulo (GRU),LATAM Airlines A321 (PT-XPG),Landed 15:09,2021-06-11
51,51,15:35 AD4439,,Natal (NAT),Azul Linhas Aereas E195 (PR-AUF),Landed 15:22,2021-06-11
52,52,15:35 AD4527,,Maceio (MCZ),Azul Linhas Aereas AT76 (PR-AQZ),Landed 15:27,2021-06-11
53,53,15:40 AD4561,,Joao Pessoa (JPA),Azul Linhas Aereas AT76 (PR-ATV),Landed 15:18,2021-06-11
54,54,15:45,AD4146,Rio de Janeiro (SDU),Azul Linhas Aereas A20N (PR-YRK),Landed 15:31,2021-06-11
55,55,15:50,AD4890,Belo Horizonte (CNF),Azul Linhas Aereas A20N (PR-YYK),Landed 15:38,2021-06-11
56,56,15:55,AD4563,Teresina (THE),Azul Linhas Aereas A20N (PR-YSB),Landed 15:55,2021-06-11
57,57,15:55,AD4607,Campina Grande (CPV),Azul Linhas Aereas AT76 (PR-AKJ),Landed 15:43,2021-06-11
58,58,16:00,AD4091,Fernando De Noronha (FEN),Azul Linhas Aereas E195 (PR-AUH),Landed 15:49,2021-06-11
59,59,16:05,AD4014,Sao Luis (SLZ),Azul Linhas Aereas A20N (PR-YRC),Landed 16:33,2021-06-11
60,60,16:05,AD4437,Aracaju (AJU),Azul Linhas Aereas AT76 (PR-AQN),Landed 16:06,2021-06-11
61,61,16:10,AD4618,Sao Paulo (GRU),Azul Linhas Aereas A20N (PR-YSD),Landed 17:15,2021-06-11
62,62,16:10,AD4565,Salvador (SSA),Azul Linhas Aereas A20N (PR-YYL),Landed 16:29,2021-06-11
63,63,16:15 AD4144,,Sao Paulo (CGH),Azul Linhas Aereas A20N (PR-YRR),Landed 16:10,2021-06-11
64,64,16:15,G31900,Salvador (SSA),GOL Linhas Aereas B738 (PR-GUL),Landed 16:19,2021-06-11
65,65,16:20,AD4656,Mossoro (MVF),Azul Linhas Aereas AT76 (PR-AQM),Landed 16:02,2021-06-11
66,66,16:20,AD4628,Campinas (VCP),Azul Linhas Aereas A339 (PR-ANW),Landed 16:16,2021-06-11
67,67,16:25 AD4348,,Fortaleza (FOR),Azul Linhas Aereas A20N (PR-YRL),Landed 15:58,2021-06-11
68,68,16:30,G31618,Sao Paulo (GRU),GOL Linhas Aereas B38M (PR-XMM),Landed 16:27,2021-06-11
69,69,16:40,G31863,Fernando De Noronha (FEN),GOL Linhas Aereas B737 (PR-GEK),Landed 16:37,2021-06-11
70,70,16:55,LA3115,Sao Paulo (GRU),LATAM Airlines A321 (PT-XPD),Landed 16:55,2021-06-11
71,71,18:50,AD4823,Rio de Janeiro (SDU),Azul Linhas Aereas 320,Unknown,2021-06-11
72,72,18:50,G32086,Rio de Janeiro (GIG),GOL Linhas Aereas B738 (PR-GXA),Landed 18:54,2021-06-11
73,73,19:10 AD5367,,Serra Talhada (SET),Azul Linhas Aereas CN1,Unknown,2021-06-11
74,74,19:25,AD4668,Natal (NAT),Azul Linhas Aereas AT76 (PR-AQN),Landed 19:23,2021-06-11
75,75,19:35,AD4507,Maceio (MCZ),Azul Linhas Aereas AT76 (PR-AKJ),Landed 19:10,2021-06-11
76,76,20:00,AD4433,Belem (BEL),Azul Linhas Aereas A20N (PR-YYB),Unknown,2021-06-11
77,77,20:00,AD4486,Joao Pessoa (JPA),Azul Linhas Aereas AT76 (PR-ATV),Landed 19:41,2021-06-11
78,78,20:10,G31620,Sao Paulo (GRU),GOL Linhas Aereas B738 (PR-GTQ),Landed 20:09,2021-06-11
79,79,20:10,AD4036,Fortaleza (FOR),Azul Linhas Aereas E195 (PR-AUF),Landed 20:04,2021-06-11
80,80,20:50 AD4250,,Sao Paulo (CGH),Azul Linhas Aereas A20N (PR-YRE),Landed 20:58,2021-06-11
81,81,20:50,AD4252,Rio de Janeiro (SDU),Azul Linhas Aereas A20N (PR-YRQ),Landed 20:49,2021-06-11
82,82,20:55,AD4284,Belo Horizonte (CNF),Azul Linhas Aereas A20N (PR-YRN),Landed 20:31,2021-06-11
83,83,21:00 AD4502,,Aracaju (AJU),Azul Linhas Aereas AT76 (PR-AQZ),Landed 20:42,2021-06-11
84,84,21:05 AD4494,,Natal (NAT),Azul Linhas Aereas AT76 (PR-AQM),Landed 20:46,2021-06-11
85,85,21:10,AD4620,Sao Paulo (GRU),Azul Linhas Aereas A20N (PR-YRU),Landed 20:53,2021-06-11
86,86,21:10,AD4332,Campinas (VCP),Azul Linhas Aereas A20N (PR-YRB),Landed 21:17,2021-06-11
87,87,21:20,AD4257,Salvador (SSA),Azul Linhas Aereas E195 (PR-AYW),Landed 21:05,2021-06-11
88,88,21:20,AD4676,Petrolina (PNZ),Azul Linhas Aereas E195 (PR-AXN),Landed 21:00,2021-06-11
89,89,21:20,LA3146,Sao Paulo (GRU),LATAM Airlines A320 (PR-MYK),Landed 21:10,2021-06-11
90,90,22:15 VR811,,Praia (RAI),Cabo Verde Airlines 738,Unknown,2021-06-11
91,91,22:25 AD4887,,Maceio (MCZ),Azul Linhas Aereas AT76 (PR-AQN),Landed 22:06,2021-06-11
92,92,23:50,G31746,Brasilia (BSB),GOL Linhas Aereas (Brazil Football Livery) B738 (PR-GUM),Landed 23:38,2021-06-11
0,0,00:05 G31558,,Sao Paulo (CGH),GOL Linhas Aereas B738 (PR-GXB),Landed 23:51,2021-06-12
1,1,00:05 VR663,,Espargos (SID),Cabo Verde Airlines 752,Unknown,2021-06-12
2,2,00:15 AD4197,,Brasilia (BSB),Azul Linhas Aereas A20N (PR-YYK),Landed 00:07,2021-06-12
3,3,00:25 G31968,,Fortaleza (FOR),GOL Linhas Aereas B738 (PR-GUC),Landed 00:20,2021-06-12
4,4,01:00 AD4662,,Sao Paulo (CGH),Azul Linhas Aereas A20N (PR-YSB),Landed 00:43,2021-06-12
5,5,01:15,AD4152,Sao Paulo (GRU),Azul Linhas Aereas A20N (PR-YYA),Landed 01:02,2021-06-12
6,6,01:25,AD4263,Campina Grande (CPV),Azul Linhas Aereas AT76 (PR-AQM),Landed 00:55,2021-06-12
7,7,01:30,G34116,Sao Paulo (GRU),GOL Linhas Aereas B738 (PR-GGN),Landed 01:20,2021-06-12
8,8,01:55 AD4901,,Joao Pessoa (JPA),Azul Linhas Aereas AT76 (PR-AQZ),Landed 01:37,2021-06-12
9,9,02:20,AD4604,Belo Horizonte (CNF),Azul Linhas Aereas A20N (PR-YRW),Landed 01:53,2021-06-12
10,10,02:30,AD4885,Campinas (VCP),Azul Linhas Aereas E295 (PS-AED),Landed 02:31,2021-06-12
11,11,06:30 AD4261,,Joao Pessoa (JPA),Azul Linhas Aereas AT76 (PR-AQM),Landed 06:15,2021-06-12
12,12,06:55 AD4600,,Maceio (MCZ),Azul Linhas Aereas AT76 (PR-AKI),Landed 06:34,2021-06-12
13,13,07:00 AD4168,,Manaus (MAO),Azul Linhas Aereas A20N (PR-YRA),Landed 06:41,2021-06-12
14,14,07:15,AD4360,Sao Luis (SLZ),Azul Linhas Aereas A20N (PR-YRU),Landed 07:03,2021-06-12
15,15,07:15,AD4425,Juazeiro Do Norte (JDO),Azul Linhas Aereas E195 (PR-AUH),Landed 07:00,2021-06-12
16,16,07:20,AD4737,Vitoria (VIX),Azul Linhas Aereas E195 (PR-AUF),Landed 07:09,2021-06-12
17,17,07:20,AD4161,Teresina (THE),Azul Linhas Aereas A20N (PR-YSE),Landed 07:06,2021-06-12
18,18,07:30 AD4259,,Natal (NAT),Azul Linhas Aereas AT76 (PR-ATV),Landed 07:16,2021-06-12
19,19,07:30 AD4603,,Aracaju (AJU),Azul Linhas Aereas AT76 (PR-AKJ),Landed 07:13,2021-06-12
20,20,07:30 M36570,,Sao Paulo (GRU),LATAM Cargo Brasil 76V,Unknown,2021-06-12
21,21,07:35,AD4428,Salvador (SSA),Azul Linhas Aereas E195 (PR-AYW),Landed 07:21,2021-06-12
22,22,07:45,AD4255,Fortaleza (FOR),Azul Linhas Aereas E195 (PR-AXN),Landed 07:37,2021-06-12
23,23,07:55,AD4232,Sao Paulo (GRU),Azul Linhas Aereas A20N (PR-YRR),Landed 07:44,2021-06-12
24,24,08:20 G31811,,Fortaleza (FOR),GOL Linhas Aereas B38M (PR-XMD),Landed 08:21,2021-06-12
25,25,10:00,LA3110,Sao Paulo (GRU),LATAM Airlines A321 (PT-XPD),Landed 09:55,2021-06-12
26,26,10:40 AD2005,,Campinas (VCP),Azul Cargo B734 (PR-AJY),Landed 10:32,2021-06-12
27,27,11:00 AD4069,,Joao Pessoa (JPA),Azul Linhas Aereas AT76 (PR-AQN),Landed 10:52,2021-06-12
28,28,11:10,G31860,Rio de Janeiro (GIG),GOL Linhas Aereas B738 (PR-GZI),Landed 10:58,2021-06-12
29,29,11:15,AD2452,Porto Alegre (POA),Azul Linhas Aereas A20N (PR-YRC),Landed 11:06,2021-06-12
30,30,11:15 AD4431,,Brasilia (BSB),Azul Linhas Aereas A20N (PR-YRB),Landed 11:18,2021-06-12
31,31,11:20,AD4518,Sao Paulo (GRU),Azul Linhas Aereas A20N (PR-YSA),Landed 11:20,2021-06-12
32,32,11:25 AD4200,,Sao Paulo (CGH),Azul Linhas Aereas A20N (PR-YRV),Landed 11:34,2021-06-12
33,33,11:25,G31614,Sao Paulo (GRU),GOL Linhas Aereas B738 (PR-GUY),Landed 11:12,2021-06-12
34,34,11:30,AD4109,Belem (BEL),Azul Linhas Aereas A20N (PR-YSG),Landed 11:23,2021-06-12
35,35,11:30,AD4447,Belo Horizonte (CNF),Azul Linhas Aereas A20N (PR-YYL),Landed 11:26,2021-06-12
36,36,11:35,AD4079,Campinas (VCP),Azul Linhas Aereas (Azul Viagens Livery) A332 (PR-AIU),Landed 11:29,2021-06-12
37,37,11:40,AD4427,Petrolina (PNZ),Azul Linhas Aereas E195 (PR-AUH),Landed 11:38,2021-06-12
38,38,11:40 AD4155,,Maceio (MCZ),Azul Linhas Aereas AT76 (PR-AQM),Landed 11:32,2021-06-12
39,39,11:45 AD4159,,Natal (NAT),Azul Linhas Aereas AT76 (PR-AKI),Landed 11:50,2021-06-12
40,40,11:45,AD4542,Rio de Janeiro (SDU),Azul Linhas Aereas A20N (PR-YRO),Landed 11:40,2021-06-12
41,41,11:50,AD4073,Campina Grande (CPV),Azul Linhas Aereas AT76 (PR-AKJ),Landed 11:15,2021-06-12
42,42,11:50 AD4151,,Fortaleza (FOR),Azul Linhas Aereas E195 (PR-AUF),Landed 11:44,2021-06-12
43,43,11:55,AD4467,Fernando De Noronha (FEN),Azul Linhas Aereas E195 (PR-AYW),Landed 11:45,2021-06-12
44,44,12:00,AD4149,Salvador (SSA),Azul Linhas Aereas A20N (PR-YRH),Landed 12:31,2021-06-12
45,45,12:05,G31554,Sao Paulo (CGH),GOL Linhas Aereas B737 (PR-GEK),Landed 11:54,2021-06-12
46,46,12:10 G31744,,Brasilia (BSB),GOL Linhas Aereas B738 (PR-GTO),Landed 11:56,2021-06-12
47,47,12:17 LA3364,,Brasilia (BSB),LATAM Airlines A321 (PT-MXA),Landed 12:12,2021-06-12
48,48,15:15,LA3114,Sao Paulo (GRU),LATAM Airlines A321 (PT-MXP),Landed 15:07,2021-06-12
49,49,15:35,AD4527,Maceio (MCZ),Azul Linhas Aereas AT76 (PR-AQM),Landed 15:29,2021-06-12
50,50,15:40,AD4561,Joao Pessoa (JPA),Azul Linhas Aereas AT76 (PR-AQN),Landed 15:26,2021-06-12
51,51,15:45,AD4146,Rio de Janeiro (SDU),Azul Linhas Aereas A20N (PR-YYF),Landed 15:48,2021-06-12
52,52,15:55,AD4563,Teresina (THE),Azul Linhas Aereas A20N (PR-YRJ),Landed 15:42,2021-06-12
53,53,15:55,AD4607,Campina Grande (CPV),Azul Linhas Aereas AT76 (PR-AKJ),Landed 15:34,2021-06-12
54,54,16:00,AD4091,Fernando De Noronha (FEN),Azul Linhas Aereas E195 (PR-AUF),Landed 15:52,2021-06-12
55,55,16:05,AD4014,Sao Luis (SLZ),Azul Linhas Aereas A20N (PR-YSF),Landed 16:05,2021-06-12
56,56,16:10 AD4144,,Sao Paulo (CGH),Azul Linhas Aereas A20N (PR-YRA),Landed 16:20,2021-06-12
57,57,16:10,AD4565,Salvador (SSA),Azul Linhas Aereas A20N (PR-YRC),Landed 15:58,2021-06-12
58,58,16:10,AD4618,Sao Paulo (GRU),Azul Linhas Aereas A20N (PR-YSE),Landed 16:27,2021-06-12
59,59,16:15,AD4437,Aracaju (AJU),Azul Linhas Aereas AT76 (PR-AKI),Landed 16:02,2021-06-12
60,60,16:20,AD2572,Belo Horizonte (CNF),Azul Linhas Aereas A20N (PR-YYH),Landed 16:13,2021-06-12
61,61,16:25,AD4348,Fortaleza (FOR),Azul Linhas Aereas E195 (PR-AUH),Landed 16:09,2021-06-12
62,62,16:25,AD4439,Natal (NAT),Azul Linhas Aereas AT76 (PR-AQZ),Landed 16:17,2021-06-12
63,63,16:30,G31618,Sao Paulo (GRU),GOL Linhas Aereas B738 (PR-GTQ),Landed 16:30,2021-06-12
64,64,16:34 LA4691,,Brasilia (BSB),LATAM Airlines A320 (PR-MYX),Landed 16:37,2021-06-12
65,65,16:40,G31863,Fernando De Noronha (FEN),GOL Linhas Aereas B737 (PR-GEK),Landed 16:24,2021-06-12
66,66,16:45,AD4628,Campinas (VCP),Azul Linhas Aereas A20N (PR-YRL),Landed 16:33,2021-06-12
67,67,16:50,AD4823,Rio de Janeiro (SDU),Azul Linhas Aereas A20N (PR-YRW),Landed 16:39,2021-06-12
68,68,17:00,LA3115,Sao Paulo (GRU),LATAM Airlines A320 (PR-MBG),Unknown,2021-06-12
69,69,20:00,AD4433,Belem (BEL),Azul Linhas Aereas A20N (PR-YYB),Unknown,2021-06-12
70,70,20:15,G31620,Sao Paulo (GRU),GOL Linhas Aereas B38M (PR-XMC),Landed 20:24,2021-06-12
71,71,20:40,TP11,Lisbon (LIS),TAP Air Portugal A339 (CS-TUG),Landed 20:21,2021-06-12
72,72,20:50 AD4250,,Sao Paulo (CGH),Azul Linhas Aereas A20N (PR-YRV),Landed 20:45,2021-06-12
73,73,20:50,AD4252,Rio de Janeiro (SDU),Azul Linhas Aereas A20N (PR-YRK),Landed 20:49,2021-06-12
74,74,23:10 LA3028,,Brasilia (BSB),LATAM Airlines A320 (PR-TYD),Landed 22:56,2021-06-12
0,0,00:02 VR663,,Espargos (SID),Cabo Verde Airlines 752,Unknown,2021-06-13
1,1,01:00 AD4662,,Sao Paulo (CGH),Azul Linhas Aereas A20N (PR-YRJ),Landed 00:51,2021-06-13
2,2,01:10,AD4152,Sao Paulo (GRU),Azul Linhas Aereas A20N (PR-YRX),Landed 01:09,2021-06-13
3,3,01:45,LA3120,Sao Paulo (GRU),LATAM Airlines A320 (PR-MBH),Landed 01:44,2021-06-13
4,4,02:30,AD4885,Campinas (VCP),Azul Linhas Aereas A20N (PR-YRZ),Landed 02:22,2021-06-13
5,5,07:40,AD4149,Salvador (SSA),Azul Linhas Aereas E195 (PR-AXN),Landed 07:18,2021-06-13
6,6,07:45 AD4255,,Fortaleza (FOR),Azul Linhas Aereas A20N (PR-YRV),Landed 07:36,2021-06-13
7,7,08:00 AD2449,,Sao Jose Do Rio Preto (SJP),Azul Linhas Aereas A20N (PR-YRY),Landed 07:50,2021-06-13
8,8,09:55,LA3110,Sao Paulo (GRU),LATAM Airlines A321 (PT-MXI),Landed 09:50,2021-06-13
9,9,11:10,G31860,Rio de Janeiro (GIG),GOL Linhas Aereas B738 (PR-GZI),Landed 11:00,2021-06-13
10,10,11:15,AD4649,Porto Alegre (POA),Azul Linhas Aereas A20N (PR-YRA),Landed 10:48,2021-06-13
11,11,11:20 AD2492,,Ribeirao Preto (RAO),Azul Linhas Aereas A20N (PR-YRB),Diverted to VCP,2021-06-13
12,12,11:20,AD4518,Sao Paulo (GRU),Azul Linhas Aereas A20N (PR-YSF),Landed 11:09,2021-06-13
13,13,11:25 AD4200,,Sao Paulo (CGH),Azul Linhas Aereas A20N (PR-YSE),Landed 11:45,2021-06-13
14,14,11:30,AD4109,Belem (BEL),Azul Linhas Aereas A20N (PR-YSG),Landed 11:12,2021-06-13
15,15,11:30,AD4447,Belo Horizonte (CNF),Azul Linhas Aereas A20N (PR-YYK),Landed 11:18,2021-06-13
16,16,11:35,AD4079,Campinas (VCP),Azul Linhas Aereas A332 (PR-AIW),Landed 11:37,2021-06-13
17,17,11:40 AD4155,,Maceio (MCZ),Azul Linhas Aereas AT76 (PR-AQM),Landed 11:29,2021-06-13
18,18,11:45 AD4159,,Natal (NAT),Azul Linhas Aereas AT76 (PR-AQN),Landed 11:33,2021-06-13
19,19,11:45,AD4542,Rio de Janeiro (SDU),Azul Linhas Aereas A20N (PR-YRW),Landed 11:41,2021-06-13
20,20,11:50,AD4151,Fortaleza (FOR),Azul Linhas Aereas E195 (PR-AXN),Landed 11:47,2021-06-13
21,21,11:55,AD4467,Fernando De Noronha (FEN),Azul Linhas Aereas E195 (PR-AYW),Unknown,2021-06-13
22,22,12:05,G31554,Sao Paulo (CGH),GOL Linhas Aereas 73G,Unknown,2021-06-13
23,23,12:28 LA3364,,Brasilia (BSB),LATAM Airlines A321 (PT-MXB),Landed 12:19,2021-06-13
24,24,15:15,AD4471,Fernando De Noronha (FEN),Azul Linhas Aereas E195 (PR-AUH),Landed 15:23,2021-06-13
25,25,15:15,LA3114,Sao Paulo (GRU),LATAM Airlines A321 (PT-XPD),Landed 15:07,2021-06-13
26,26,15:35 AD4527,,Maceio (MCZ),Azul Linhas Aereas AT76 (PR-AKJ),Landed 15:17,2021-06-13
27,27,15:40 AD4561,,Joao Pessoa (JPA),Azul Linhas Aereas AT76 (PR-AQN),Landed 15:42,2021-06-13
28,28,15:45,AD4146,Rio de Janeiro (SDU),Azul Linhas Aereas A20N (PR-YRV),Landed 15:38,2021-06-13
29,29,15:50,AD4890,Belo Horizonte (CNF),Azul Linhas Aereas A20N (PR-YYH),Landed 15:55,2021-06-13
30,30,15:55,AD4607,Campina Grande (CPV),Azul Linhas Aereas AT76 (PR-AQZ),Landed 15:45,2021-06-13
31,31,16:00,AD4014,Sao Luis (SLZ),Azul Linhas Aereas A20N (PR-YSC),Landed 15:48,2021-06-13
32,32,16:00,AD4091,Fernando De Noronha (FEN),Azul Linhas Aereas E195 (PR-AXN),Landed 15:58,2021-06-13
33,33,16:05 AD4439,,Natal (NAT),Azul Linhas Aereas A20N (PR-YYK),Landed 15:51,2021-06-13
34,34,16:10 AD4144,,Sao Paulo (CGH),Azul Linhas Aereas A20N (PR-YRC),Landed 16:08,2021-06-13
35,35,16:10,AD4618,Sao Paulo (GRU),Azul Linhas Aereas A20N (PR-YRY),Landed 16:04,2021-06-13
36,36,16:15,AD4565,Salvador (SSA),Azul Linhas Aereas A20N (PR-YSB),Landed 18:25,2021-06-13
37,37,16:15,G31900,Salvador (SSA),GOL Linhas Aereas B738 (PR-GTO),Landed 16:13,2021-06-13
38,38,16:20,AD4437,Aracaju (AJU),Azul Linhas Aereas AT76 (PR-AQM),Landed 16:17,2021-06-13
39,39,16:20,AD4628,Campinas (VCP),Azul Linhas Aereas A339 (PR-ANZ),Landed 16:20,2021-06-13
40,40,16:25 AD4348,,Fortaleza (FOR),Azul Linhas Aereas E195 (PR-AYW),Landed 16:23,2021-06-13
41,41,16:30,G31618,Sao Paulo (GRU),GOL Linhas Aereas B38M (PR-XMD),Landed 16:30,2021-06-13
42,42,16:35,AD4563,Teresina (THE),Azul Linhas Aereas A20N (PR-YSG),Landed 16:27,2021-06-13
43,43,16:40,G31863,Fernando De Noronha (FEN),GOL Linhas Aereas B737 (PR-GEK),Landed 16:36,2021-06-13
44,44,16:55,LA3115,Sao Paulo (GRU),LATAM Airlines A321 (PT-MXA),Landed 16:49,2021-06-13
45,45,17:50,AD4823,Rio de Janeiro (SDU),Azul Linhas Aereas 320,Unknown,2021-06-13
46,46,18:50,G32086,Rio de Janeiro (GIG),GOL Linhas Aereas B738 (PR-GZI),Landed 18:47,2021-06-13
47,47,19:25,AD4668,Natal (NAT),Azul Linhas Aereas AT76 (PR-AQZ),Landed 19:17,2021-06-13
48,48,19:35,AD4507,Maceio (MCZ),Azul Linhas Aereas AT76 (PR-AQN),Landed 19:20,2021-06-13
49,49,20:00,AD4433,Belem (BEL),Azul Linhas Aereas A20N (PR-YRK),Landed 19:48,2021-06-13
50,50,20:00,AD4486,Joao Pessoa (JPA),Azul Linhas Aereas AT76 (PR-ATV),Landed 19:55,2021-06-13
51,51,20:10,G31620,Sao Paulo (GRU),GOL Linhas Aereas B738 (PR-GXI),Landed 20:13,2021-06-13
52,52,20:10,AD4036,Fortaleza (FOR),Azul Linhas Aereas E195 (PR-AUH),Landed 19:59,2021-06-13
53,53,20:50 AD4250,,Sao Paulo (CGH),Azul Linhas Aereas A20N (PR-YRX),Landed 20:43,2021-06-13
54,54,20:50,AD4252,Rio de Janeiro (SDU),Azul Linhas Aereas A20N (PR-YRO),Landed 20:46,2021-06-13
55,55,20:55,AD4284,Belo Horizonte (CNF),Azul Linhas Aereas A20N (PR-YRA),Landed 20:37,2021-06-13
56,56,20:59 AD4502,,Aracaju (AJU),Azul Linhas Aereas AT76 (PR-AQM),Landed 20:40,2021-06-13
57,57,21:05 AD4494,,Natal (NAT),Azul Linhas Aereas AT76 (PR-AKI),Landed 20:49,2021-06-13
58,58,21:10,AD4332,Campinas (VCP),Azul Linhas Aereas A20N (PR-YSD),Landed 20:55,2021-06-13
59,59,21:10,AD4620,Sao Paulo (GRU),Azul Linhas Aereas A20N (PR-YSE),Landed 20:59,2021-06-13
60,60,21:20,AD4257,Salvador (SSA),Azul Linhas Aereas E195 (PR-AXF),Landed 21:05,2021-06-13
61,61,21:20,AD4676,Petrolina (PNZ),Azul Linhas Aereas E195 (PR-AYW),Landed 21:27,2021-06-13
62,62,22:25 AD4887,,Maceio (MCZ),Azul Linhas Aereas AT76 (PR-AQZ),Landed 22:26,2021-06-13
63,63,23:50,G31746,Brasilia (BSB),GOL Linhas Aereas B737 (PR-GED),Landed 23:28,2021-06-13
0,0,00:02 VR663,,Espargos (SID),Cabo Verde Airlines 752,Unknown,2021-06-14
1,1,00:05,G31558,Sao Paulo (CGH),GOL Linhas Aereas B738 (PR-GUU),Landed 23:50,2021-06-14
2,2,00:15 AD4197,,Brasilia (BSB),Azul Linhas Aereas A20N (PR-YYH),Landed 00:02,2021-06-14
3,3,00:25,G31968,Fortaleza (FOR),GOL Linhas Aereas B738 (PR-GXI),Landed 00:05,2021-06-14
4,4,01:00 AD4662,,Sao Paulo (CGH),Azul Linhas Aereas A20N (PR-YRC),Landed 01:00,2021-06-14
5,5,01:15,AD4152,Sao Paulo (GRU),Azul Linhas Aereas A20N (PR-YRE),Landed 01:07,2021-06-14
6,6,01:25,AD4263,Campina Grande (CPV),Azul Linhas Aereas AT76 (PR-AQN),Landed 00:58,2021-06-14
7,7,01:30,G34116,Sao Paulo (GRU),GOL Linhas Aereas B738 (PR-GTQ),Landed 01:25,2021-06-14
8,8,01:45,LA3120,Sao Paulo (GRU),LATAM Airlines A320 (PR-MYP),Landed 01:33,2021-06-14
9,9,01:55 AD4901,,Joao Pessoa (JPA),Azul Linhas Aereas AT76 (PR-AQM),Landed 01:39,2021-06-14
10,10,02:30,AD4885,Campinas (VCP),Azul Linhas Aereas (Pink Ribbon Livery) A20N (PR-YRS),Landed 02:25,2021-06-14
11,11,06:30 AD4261,,Joao Pessoa (JPA),Azul Linhas Aereas AT76 (PR-AQM),Landed 06:33,2021-06-14
12,12,06:55 AD4600,,Maceio (MCZ),Azul Linhas Aereas AT76 (PR-ATV),Landed 06:37,2021-06-14
13,13,07:00 AD4168,,Manaus (MAO),Azul Linhas Aereas A20N (PR-YSE),Landed 06:40,2021-06-14
14,14,07:15 AD4360,,Sao Luis (SLZ),Azul Linhas Aereas A20N (PR-YSD),Landed 06:51,2021-06-14
15,15,07:15 AD4425,,Juazeiro Do Norte (JDO),Azul Linhas Aereas E195 (PR-AXF),Landed 07:04,2021-06-14
16,16,07:20 AD4161,,Teresina (THE),Azul Linhas Aereas A20N (PR-YRN),Landed 06:58,2021-06-14
17,17,07:20 AD4737,,Vitoria (VIX),Azul Linhas Aereas E195 (PR-AXN),Landed 07:08,2021-06-14
18,18,07:30 AD4259,,Natal (NAT),Azul Linhas Aereas AT76 (PR-AKJ),Landed 07:12,2021-06-14
19,19,07:30 AD4603,,Aracaju (AJU),Azul Linhas Aereas AT76 (PR-AKI),Landed 07:19,2021-06-14
20,20,07:35 AD4428,,Salvador (SSA),Azul Linhas Aereas E195 (PR-AUP),Landed 07:22,2021-06-14
21,21,07:45 AD4255,,Fortaleza (FOR),Azul Linhas Aereas E195 (PR-AUH),Landed 07:37,2021-06-14
22,22,07:50 AD5361,,Caruaru (CAU),Azul Linhas Aereas CN1,Unknown,2021-06-14
23,23,07:55 AD4232,,Sao Paulo (GRU),Azul Linhas Aereas A20N (PR-YRK),Landed 07:51,2021-06-14
24,24,08:20 G31811,,Fortaleza (FOR),GOL Linhas Aereas B738 (PR-GUP),Landed 08:09,2021-06-14
25,25,10:00 LA3110,,Sao Paulo (GRU),LATAM Airlines A321 (PT-MXB),Landed 09:55,2021-06-14
26,26,11:00 AD4069,,Joao Pessoa (JPA),Azul Linhas Aereas AT76 (PR-AKI),Landed 10:48,2021-06-14
27,27,11:10 G31860,,Rio de Janeiro (GIG),GOL Linhas Aereas B38M (PR-XMC),Landed 10:58,2021-06-14
28,28,11:15 AD4431,,Brasilia (BSB),Azul Linhas Aereas A20N (PR-YRA),Landed 11:03,2021-06-14
29,29,11:15 AD4649,,Porto Alegre (POA),Azul Linhas Aereas A20N (PR-YSC),Landed 11:10,2021-06-14
30,30,11:20 AD4518,,Sao Paulo (GRU),Azul Linhas Aereas A20N (PR-YRE),Landed 11:07,2021-06-14
31,31,11:25 AD4200,,Sao Paulo (CGH),Azul Linhas Aereas A20N (PR-YRQ),Landed 11:18,2021-06-14
32,32,11:25,G31614,Sao Paulo (GRU),GOL Linhas Aereas B738 (PR-GUR),Landed 11:15,2021-06-14
33,33,11:30,AD4109,Belem (BEL),Azul Linhas Aereas A20N (PR-YRX),Landed 11:24,2021-06-14
34,34,11:30,AD4447,Belo Horizonte (CNF),Azul Linhas Aereas (Pink Ribbon Livery) A20N (PR-YRS),Landed 11:21,2021-06-14
35,35,11:35,AD4079,Campinas (VCP),Azul Linhas Aereas A339 (PR-ANW),Landed 11:34,2021-06-14
36,36,11:35,AD4542,Rio de Janeiro (SDU),Azul Linhas Aereas A20N (PR-YRV),Landed 11:27,2021-06-14
37,37,11:40 AD4155,,Maceio (MCZ),Azul Linhas Aereas AT76 (PR-AQM),Landed 11:41,2021-06-14
38,38,11:45 AD4159,,Natal (NAT),Azul Linhas Aereas AT76 (PR-AQZ),Landed 11:37,2021-06-14
39,39,11:50,AD4073,Campina Grande (CPV),Azul Linhas Aereas AT76 (PR-AKJ),Landed 11:31,2021-06-14
40,40,11:50 AD4151,,Fortaleza (FOR),Azul Linhas Aereas E195 (PR-AUP),Landed 11:59,2021-06-14
41,41,11:55,AD4427,Petrolina (PNZ),Azul Linhas Aereas E195 (PR-AXF),Landed 11:46,2021-06-14
42,42,11:55,AD4467,Fernando De Noronha (FEN),Azul Linhas Aereas E195 (PR-AUH),Landed 11:43,2021-06-14
43,43,12:00,AD4149,Salvador (SSA),Azul Linhas Aereas A20N (PR-YRJ),Landed 11:55,2021-06-14
44,44,12:05,G31554,Sao Paulo (CGH),GOL Linhas Aereas B737 (PR-GEK),Landed 11:52,2021-06-14
45,45,12:10 AD5363,,Serra Talhada (SET),Azul Linhas Aereas CN1,Unknown,2021-06-14
46,46,12:10 G31744,,Brasilia (BSB),GOL Linhas Aereas B738 (PR-GTF),Landed 12:03,2021-06-14
47,47,12:13 LA3364,,Brasilia (BSB),LATAM Airlines A321 (PT-MXF),Landed 12:08,2021-06-14
48,48,13:30 LH8255,,Campinas (VCP),Lufthansa Cargo (Flying 100% CO neutral Livery) B77L (D-ALFG),Landed 13:08,2021-06-14
49,49,13:30 LH8254,,Campinas (VCP),Lufthansa Cargo (Flying 100% CO neutral Livery) B77L (D-ALFG),Unknown,2021-06-14
50,50,15:00 AD5365,,Caruaru (CAU),Azul Linhas Aereas CN1,Unknown,2021-06-14
51,51,15:15,LA3114,Sao Paulo (GRU),LATAM Airlines A321 (PT-MXL),Landed 15:34,2021-06-14
52,52,15:35 AD4439,,Natal (NAT),Azul Linhas Aereas E195 (PR-AUP),Landed 15:15,2021-06-14
53,53,15:35 AD4527,,Maceio (MCZ),Azul Linhas Aereas AT76 (PR-AQM),Landed 15:10,2021-06-14
54,54,15:40 AD4561,,Joao Pessoa (JPA),Azul Linhas Aereas AT76 (PR-AQZ),Unknown,2021-06-14
55,55,15:45,AD4146,Rio de Janeiro (SDU),Azul Linhas Aereas A20N (PR-YRK),Landed 15:42,2021-06-14
56,56,15:50,AD4890,Belo Horizonte (CNF),Azul Linhas Aereas A20N (PR-YYG),Landed 15:48,2021-06-14
57,57,15:55,AD4607,Campina Grande (CPV),Azul Linhas Aereas AT76 (PR-AKI),Landed 15:30,2021-06-14
58,58,15:55,AD4563,Teresina (THE),Azul Linhas Aereas A20N (PR-YYI),Landed 15:44,2021-06-14
59,59,16:00,AD4091,Fernando De Noronha (FEN),Azul Linhas Aereas E195 (PR-AXF),Unknown,2021-06-14
60,60,16:05,AD4014,Sao Luis (SLZ),Azul Linhas Aereas A20N (PR-YYJ),Landed 15:58,2021-06-14
61,61,16:05,AD4437,Aracaju (AJU),Azul Linhas Aereas AT76 (PR-AQN),Landed 16:09,2021-06-14
62,62,16:10,AD4618,Sao Paulo (GRU),Azul Linhas Aereas A20N (PR-YSE),Landed 16:00,2021-06-14
63,63,16:10,AD4565,Salvador (SSA),Azul Linhas Aereas A20N (PR-YSF),Landed 16:35,2021-06-14
64,64,16:15 AD4144,,Sao Paulo (CGH),Azul Linhas Aereas A20N (PR-YRN),Landed 16:03,2021-06-14
65,65,16:15,G31900,Salvador (SSA),GOL Linhas Aereas B738 (PR-GUN),Landed 16:41,2021-06-14
66,66,16:20,AD4628,Campinas (VCP),Azul Linhas Aereas A332 (PR-AIW),Landed 16:32,2021-06-14
67,67,16:20,AD4656,Mossoro (MVF),Azul Linhas Aereas AT76 (PR-AKJ),Landed 16:20,2021-06-14
68,68,16:25 AD4348,,Fortaleza (FOR),Azul Linhas Aereas E195 (PR-AUH),Landed 16:11,2021-06-14
69,69,16:30,G31618,Sao Paulo (GRU),GOL Linhas Aereas (TV ao vivo a bordo Livery) B738 (PR-GTM),Landed 16:38,2021-06-14
70,70,16:40,G31863,Fernando De Noronha (FEN),GOL Linhas Aereas B737 (PR-GEK),Landed 16:28,2021-06-14
71,71,16:55,LA3148,Sao Paulo (GRU),LATAM Airlines A321 (PT-MXD),Landed 16:44,2021-06-14
72,72,18:50,AD4823,Rio de Janeiro (SDU),Azul Linhas Aereas A20N (PR-YRL),Landed 18:41,2021-06-14
73,73,18:50,G32086,Rio de Janeiro (GIG),GOL Linhas Aereas B38M (PR-XMC),Landed 18:48,2021-06-14
74,74,19:10 AD5367,,Serra Talhada (SET),Azul Linhas Aereas CN1,Unknown,2021-06-14
75,75,19:25,AD4668,Natal (NAT),Azul Linhas Aereas AT7,Unknown,2021-06-14
76,76,19:35,AD4507,Maceio (MCZ),Azul Linhas Aereas AT76 (PR-AKI),Landed 19:56,2021-06-14
77,77,20:00,AD4486,Joao Pessoa (JPA),Azul Linhas Aereas AT76 (PR-AQN),Landed 19:50,2021-06-14
78,78,20:00,AD4433,Belem (BEL),Azul Linhas Aereas A20N (PR-YRU),Landed 20:26,2021-06-14
79,79,20:10,AD4036,Fortaleza (FOR),Azul Linhas Aereas E195 (PR-AUP),Landed 20:13,2021-06-14
80,80,20:10,G31620,Sao Paulo (GRU),GOL Linhas Aereas B38M (PR-XMD),Landed 20:00,2021-06-14
81,81,20:12 M38487,,Salvador (SSA),LATAM Cargo B763 (CC-CZZ),Unknown,2021-06-14
82,82,20:50 AD4250,,Sao Paulo (CGH),Azul Linhas Aereas (Pink Ribbon Livery) A20N (PR-YRS),Landed 20:40,2021-06-14
83,83,20:50,AD4252,Rio de Janeiro (SDU),Azul Linhas Aereas A20N (PR-YRV),Landed 20:35,2021-06-14
84,84,20:55,AD4284,Belo Horizonte (CNF),Azul Linhas Aereas A20N (PR-YSC),Landed 20:38,2021-06-14
85,85,20:59,AD4502,Aracaju (AJU),Azul Linhas Aereas AT76 (PR-AQM),Landed 20:43,2021-06-14
86,86,21:05,AD4494,Natal (NAT),Azul Linhas Aereas AT76 (PR-AQZ),Landed 21:06,2021-06-14
87,87,21:10,AD4332,Campinas (VCP),Azul Linhas Aereas A20N (PR-YRB),Landed 21:09,2021-06-14
88,88,21:10,AD4620,Sao Paulo (GRU),Azul Linhas Aereas A20N (PR-YRA),Landed 20:55,2021-06-14
89,89,21:16,LA3146,Sao Paulo (GRU),LATAM Airlines A321 (PT-MXF),Landed 21:12,2021-06-14
90,90,21:20,AD4257,Salvador (SSA),Azul Linhas Aereas E195 (PR-AXI),Landed 20:58,2021-06-14
91,91,21:20,AD4676,Petrolina (PNZ),Azul Linhas Aereas E195 (PR-AUH),Landed 21:03,2021-06-14
92,92,22:25,AD4887,Maceio (MCZ),Azul Linhas Aereas AT76 (PR-AKJ),Landed 22:18,2021-06-14
93,93,23:50,G31746,Brasilia (BSB),GOL Linhas Aereas B738 (PR-GXR),Landed 23:33,2021-06-14
0,0,00:02 VR663,,Espargos (SID),Cabo Verde Airlines 752,Unknown,2021-06-15
1,1,00:05,G31558,Sao Paulo (CGH),GOL Linhas Aereas B738 (PR-GXA),Landed 23:47,2021-06-15
2,2,00:15 AD4197,,Brasilia (BSB),Azul Linhas Aereas A20N (PR-YYI),Landed 00:39,2021-06-15
3,3,00:25 G31968,,Fortaleza (FOR),GOL Linhas Aereas B738 (PR-GZK),Landed 00:32,2021-06-15
4,4,01:00 AD4662,,Sao Paulo (CGH),Azul Linhas Aereas A20N (PR-YRN),Landed 00:45,2021-06-15
5,5,01:15,AD4152,Sao Paulo (GRU),Azul Linhas Aereas A20N (PR-YRW),Landed 01:06,2021-06-15
6,6,01:25,AD4263,Campina Grande (CPV),Azul Linhas Aereas AT76 (PR-AKJ),Landed 01:22,2021-06-15
7,7,01:30,G34116,Sao Paulo (GRU),GOL Linhas Aereas B738 (PR-GOP),Landed 01:25,2021-06-15
8,8,01:45,LA3120,Sao Paulo (GRU),LATAM Airlines A320 (PR-MHG),Landed 01:40,2021-06-15
9,9,01:55 AD4901,,Joao Pessoa (JPA),Azul Linhas Aereas AT76 (PR-AQZ),Landed 01:46,2021-06-15
10,10,02:30,AD4885,Campinas (VCP),Azul Linhas Aereas A21N (PR-YJA),Landed 02:24,2021-06-15
11,11,06:30 AD4261,,Joao Pessoa (JPA),Azul Linhas Aereas AT76 (PR-AKJ),Landed 06:08,2021-06-15
12,12,06:55 AD4600,,Maceio (MCZ),Azul Linhas Aereas AT76 (PR-AKI),Landed 06:54,2021-06-15
13,13,07:00 AD4168,,Manaus (MAO),Azul Linhas Aereas A20N (PR-YSD),Landed 06:42,2021-06-15
14,14,07:15,AD4360,Sao Luis (SLZ),Azul Linhas Aereas A20N (PR-YRV),Landed 07:02,2021-06-15
15,15,07:15,AD4425,Juazeiro Do Norte (JDO),Azul Linhas Aereas E195 (PR-AXF),Landed 06:58,2021-06-15
16,16,07:20,AD4161,Teresina (THE),Azul Linhas Aereas A20N (PR-YYL),Landed 06:57,2021-06-15
17,17,07:20,AD4737,Vitoria (VIX),Azul Linhas Aereas E195 (PR-AUP),Landed 07:04,2021-06-15
18,18,07:30 AD4259,,Natal (NAT),Azul Linhas Aereas AT76 (PR-AQM),Landed 07:28,2021-06-15
19,19,07:30 AD4603,,Aracaju (AJU),Azul Linhas Aereas AT76 (PR-AQN),Landed 07:15,2021-06-15
20,20,07:30 M36570,,Sao Paulo (GRU),LATAM Cargo Brasil 76V,Unknown,2021-06-15
21,21,07:35,AD4428,Salvador (SSA),Azul Linhas Aereas E195 (PR-AXZ),Unknown,2021-06-15
22,22,07:45,AD4255,Fortaleza (FOR),Azul Linhas Aereas E195 (PR-AUH),Landed 07:35,2021-06-15
23,23,07:50 AD5361,,Caruaru (CAU),Azul Linhas Aereas CN1,Unknown,2021-06-15
24,24,07:55,AD4232,Sao Paulo (GRU),Azul Linhas Aereas A20N (PR-YRY),Landed 07:42,2021-06-15
25,25,08:20 G31811,,Fortaleza (FOR),GOL Linhas Aereas B738 (PR-GXA),Landed 07:57,2021-06-15
26,26,09:50,LA3110,Sao Paulo (GRU),LATAM Airlines B763 (PT-MSV),Landed 09:51,2021-06-15
27,27,10:40 AD2005,,Campinas (VCP),Azul Cargo B734 (PR-AJY),Landed 10:46,2021-06-15
28,28,11:00 AD4069,,Joao Pessoa (JPA),Azul Linhas Aereas AT76 (PR-AKI),Landed 10:39,2021-06-15
29,29,11:10,G31860,Rio de Janeiro (GIG),GOL Linhas Aereas B738 (PR-GGK),Landed 11:00,2021-06-15
30,30,11:15 AD4431,,Brasilia (BSB),Azul Linhas Aereas A20N (PR-YRA),Landed 10:52,2021-06-15
31,31,11:15,AD4649,Porto Alegre (POA),Azul Linhas Aereas A20N (PR-YSE),Landed 11:02,2021-06-15
32,32,11:20,AD4518,Sao Paulo (GRU),Azul Linhas Aereas A20N (PR-YRL),Landed 11:21,2021-06-15
33,33,11:25 AD4200,,Sao Paulo (CGH),Azul Linhas Aereas A20N (PR-YSB),Landed 11:18,2021-06-15
34,34,11:25,G31614,Sao Paulo (GRU),GOL Linhas Aereas (Voa Canarinho Livery) B738 (PR-GUK),Landed 11:11,2021-06-15
35,35,11:30,AD4109,Belem (BEL),Azul Linhas Aereas A20N (PR-YSG),Landed 11:15,2021-06-15
36,36,11:30,AD4447,Belo Horizonte (CNF),Azul Linhas Aereas A20N (PR-YYJ),Landed 11:25,2021-06-15
37,37,11:35,AD4079,Campinas (VCP),Azul Linhas Aereas (Azul Viagens Livery) A332 (PR-AIU),Landed 11:54,2021-06-15
38,38,11:35,AD4542,Rio de Janeiro (SDU),Azul Linhas Aereas A20N (PR-YRQ),Landed 11:31,2021-06-15
39,39,11:40 AD4155,,Maceio (MCZ),Azul Linhas Aereas AT76 (PR-AKJ),Canceled,2021-06-15
40,40,11:45 AD4159,,Natal (NAT),Azul Linhas Aereas AT76 (PR-AQN),Landed 11:35,2021-06-15
41,41,11:50,AD4073,Campina Grande (CPV),Azul Linhas Aereas AT76 (PR-AQM),Landed 12:09,2021-06-15
42,42,11:50 AD4151,,Fortaleza (FOR),Azul Linhas Aereas E195 (PR-AXZ),Landed 11:36,2021-06-15
43,43,11:55,AD4427,Petrolina (PNZ),Azul Linhas Aereas E195 (PR-AXF),Landed 11:45,2021-06-15
44,44,11:55,AD4467,Fernando De Noronha (FEN),Azul Linhas Aereas E195 (PR-AUH),Landed 11:40,2021-06-15
45,45,12:00,AD4149,Salvador (SSA),Azul Linhas Aereas A20N (PR-YRR),Landed 11:56,2021-06-15
46,46,12:05,G31554,Sao Paulo (CGH),GOL Linhas Aereas B737 (PR-GEK),Landed 11:43,2021-06-15
47,47,12:10 AD5363,,Serra Talhada (SET),Azul Linhas Aereas CN1,Unknown,2021-06-15
48,48,12:10 G31744,,Brasilia (BSB),GOL Linhas Aereas B738 (PR-GUG),Landed 11:49,2021-06-15
49,49,12:25 LA3364,,Brasilia (BSB),LATAM Airlines A321 (PT-MXH),Landed 12:12,2021-06-15
50,50,14:10 WD5806,,Campinas (VCP),Modern Logistics 737,Unknown,2021-06-15
51,51,15:00 AD5365,,Caruaru (CAU),Azul Linhas Aereas CN1,Unknown,2021-06-15
52,52,15:15,LA3114,Sao Paulo (GRU),LATAM Airlines A321 (PT-MXP),Landed 15:00,2021-06-15
53,53,15:35 AD4439,,Natal (NAT),Azul Linhas Aereas E195 (PR-AXZ),Unknown,2021-06-15
54,54,15:35 AD4527,,Maceio (MCZ),Azul Linhas Aereas AT76 (PR-AQN),Landed 15:18,2021-06-15
55,55,15:40 AD4561,,Joao Pessoa (JPA),Azul Linhas Aereas AT76 (PR-AKJ),Landed 15:44,2021-06-15
56,56,15:45,AD4146,Rio de Janeiro (SDU),Azul Linhas Aereas (Pink Ribbon Livery) A20N (PR-YRS),Landed 15:33,2021-06-15
57,57,15:50,AD4890,Belo Horizonte (CNF),Azul Linhas Aereas A20N (PR-YRZ),Landed 15:39,2021-06-15
58,58,15:55,AD4563,Teresina (THE),Azul Linhas Aereas A20N (PR-YRH),Landed 15:51,2021-06-15
59,59,15:55,AD4607,Campina Grande (CPV),Azul Linhas Aereas AT76 (PR-AQM),Landed 15:46,2021-06-15
60,60,16:00,AD4091,Fernando De Noronha (FEN),Azul Linhas Aereas E195 (PR-AXF),Unknown,2021-06-15
61,61,16:05,AD4014,Sao Luis (SLZ),Azul Linhas Aereas A20N (PR-YRJ),Landed 16:01,2021-06-15
62,62,16:10,AD4565,Salvador (SSA),Azul Linhas Aereas A20N (PR-YSD),Landed 16:05,2021-06-15
63,63,16:10,AD4618,Sao Paulo (GRU),Azul Linhas Aereas A20N (PR-YRY),Landed 15:53,2021-06-15
64,64,16:15 AD4144,,Sao Paulo (CGH),Azul Linhas Aereas A20N (PR-YRV),Landed 16:11,2021-06-15
65,65,16:15,AD4437,Aracaju (AJU),Azul Linhas Aereas AT76 (PR-AQZ),Landed 16:15,2021-06-15
66,66,16:20,AD4628,Campinas (VCP),Azul Linhas Aereas A339 (PR-ANZ),Landed 16:25,2021-06-15
67,67,16:25 AD4348,,Fortaleza (FOR),Azul Linhas Aereas E195 (PR-AUH),Landed 16:08,2021-06-15
68,68,16:30,G31618,Sao Paulo (GRU),GOL Linhas Aereas B738 (PR-VBK),Landed 16:18,2021-06-15
69,69,16:35 LA4691,,Brasilia (BSB),LATAM Airlines A320 (PR-MBH),Landed 16:22,2021-06-15
70,70,16:40,G31863,Fernando De Noronha (FEN),GOL Linhas Aereas B737 (PR-GEK),Landed 16:28,2021-06-15
71,71,16:50 M39836,,Sao Paulo (GRU),LATAM Cargo Brasil 76V,Unknown,2021-06-15
72,72,16:55,LA3148,Sao Paulo (GRU),LATAM Airlines A321 (PT-MXD),Landed 16:49,2021-06-15
73,73,18:50,AD4823,Rio de Janeiro (SDU),Azul Linhas Aereas 320,Unknown,2021-06-15
74,74,19:10 AD5367,,Serra Talhada (SET),Azul Linhas Aereas CN1,Unknown,2021-06-15
75,75,19:25,AD4668,Natal (NAT),Azul Linhas Aereas AT76 (PR-AQN),Landed 19:11,2021-06-15
76,76,19:35,AD4507,Maceio (MCZ),Azul Linhas Aereas AT76 (PR-AQM),Landed 19:30,2021-06-15
77,77,20:00,AD4433,Belem (BEL),Azul Linhas Aereas A20N (PR-YYI),Landed 19:43,2021-06-15
78,78,20:00,AD4486,Joao Pessoa (JPA),Azul Linhas Aereas AT76 (PR-AQZ),Landed 20:30,2021-06-15
79,79,20:10,AD4036,Fortaleza (FOR),Azul Linhas Aereas E195 (PR-AXZ),Unknown,2021-06-15
80,80,20:15,G31620,Sao Paulo (GRU),GOL Linhas Aereas B738 (PR-GUJ),Landed 19:49,2021-06-15
81,81,20:50,AD4252,Rio de Janeiro (SDU),Azul Linhas Aereas A20N (PR-YRQ),Landed 20:40,2021-06-15
82,82,20:50 AD4250,,Sao Paulo (CGH),Azul Linhas Aereas A20N (PR-YRR),Landed 21:14,2021-06-15
83,83,20:55,AD4284,Belo Horizonte (CNF),Azul Linhas Aereas A20N (PR-YSB),Landed 20:35,2021-06-15
84,84,21:00 AD4502,,Aracaju (AJU),Azul Linhas Aereas AT76 (PR-ATV),Landed 21:28,2021-06-15
85,85,21:05 AD4494,,Natal (NAT),Azul Linhas Aereas AT76 (PR-AKJ),Landed 20:48,2021-06-15
86,86,21:10,AD4332,Campinas (VCP),Azul Linhas Aereas A20N (PR-YRC),Landed 20:58,2021-06-15
87,87,21:10,AD4620,Sao Paulo (GRU),Azul Linhas Aereas A20N (PR-YRA),Landed 20:53,2021-06-15
88,88,21:20,AD4257,Salvador (SSA),Azul Linhas Aereas A20N (PR-YSD),Landed 21:23,2021-06-15
89,89,21:20,AD4676,Petrolina (PNZ),Azul Linhas Aereas E195 (PR-AXF),Canceled,2021-06-15
90,90,21:21 AD9711,,Fort Lauderdale (FLL),Azul Linhas Aereas A332 (PR-AIZ),Landed 21:11,2021-06-15
91,91,21:25,LA3146,Sao Paulo (GRU),LATAM Airlines A320 (PR-MYQ),Landed 21:19,2021-06-15
92,92,22:25 AD4887,,Maceio (MCZ),Azul Linhas Aereas AT76 (PR-AQN),Landed 22:02,2021-06-15
93,93,23:05 LA3028,,Brasilia (BSB),LATAM Airlines A320 (PR-MYA),Landed 22:50,2021-06-15
